Name,Tutorial Simulation
Version,2.0.0
Created By,OGSimulator
Created On,2/13/2019 1:43:42 PM
Modified By,OGSimulator
Modified On,2/14/2019 5:48:02 PM
Comments,Tutorial Import Setup - Tutorial Acceleration
Solver Total Iterations,Solver Time To Solve (Iteration),Solver Converged,Solver Convergence Error - Heave,Solver Convergence Error - Roll,Solver Convergence Error - Pitch,Solver Convergence Error [Front Left],Solver Convergence Error [Front Right],Solver Convergence Error [Rear Left],Solver Convergence Error [Rear Right],Yaw Rate Error,Vehicle Stability,Vehicle Control,Braking Ratio [Input],Throttle Ratio [Input],Yaw Moment [Output],Solver Convergence Error,Lateral Load Transfer Distribution,Chassis Heave Displacement,Chassis Roll Angle,Chassis Static Roll Angle,Chassis Pitch Angle,Suspension Pitch Angle [Left],Suspension Pitch Angle [Right],Static Wheelbase [Left],Static Wheelbase [Right],Static Wheelbase Average,Static Corner Force [Front Left],Static Corner Force [Front Right],Static Corner Force [Rear Left],Static Corner Force [Rear Right],Static Coilover Displacement [Front Left],Static Coilover Displacement [Front Right],Static Coilover Displacement [Rear Left],Static Coilover Displacement [Rear Right],Coilover Displacement From Static [Front Left],Coilover Displacement From Static [Front Right],Coilover Displacement From Static [Rear Left],Coilover Displacement From Static [Rear Right],Wheelbase [Left],Wheelbase [Right],Wheelbase Average,Tire Heave,All Wheels On Ground,Load Distribution [Front],Load Distribution [Left],Load Distribution [Cross],Resultant Lateral Acceleration,Resultant Longitudinal Acceleration,Resultant Vertical Acceleration,Static Weight Distribution [Front],Static Weight Distribution [Left],Static Weight Distribution [Cross],Total Tire Fz,Yaw Rate (r) [YMD Output],Suspended Mass,Total Mass,Axle Normal Load [Front],Axle Normal Load [Rear],Tire Pitch Angle [Left],Tire Pitch Angle [Right],Static Total Non-Suspended Mass CG Location X,Static Total Non-Suspended Mass CG Location Y,Static Total Non-Suspended Mass CG Location Z,Total Non-Suspended Mass CG Location X,Total Non-Suspended Mass CG Location Y,Total Non-Suspended Mass CG Location Z,Vehicle Center of Mass Location X,Vehicle Center of Mass Location Y,Vehicle Center of Mass Location Z,Geometric Force [Front Left],Geometric Force [Front Right],Geometric Force [Rear Left],Geometric Force [Rear Right],Elastic Force [Front Left],Elastic Force [Front Right],Elastic Force [Rear Left],Elastic Force [Rear Right],Geometric Force Ratio [Front Left],Geometric Force Ratio [Front Right],Geometric Force Ratio [Rear Left],Geometric Force Ratio [Rear Right],Elastic Force Ratio [Front Left],Elastic Force Ratio [Front Right],Elastic Force Ratio [Rear Left],Elastic Force Ratio [Rear Right],Resultant Turn Radius,Engaged Gear [Input],Engine Speed,Banking Angle [Input],Grade Angle [Input],Wheel Speed [Front Left],Wheel Speed [Front Right],Wheel Speed [Rear Left],Wheel Speed [Rear Right],CG Roll Stiffness,CG Roll Stiffness (No Tires),CG Pitch Stiffness,Roll Stiffness Distribution [Front],Roll Stiffness Distribution (No Tires) [Front],CG Heave Stiffness,Roll Stiffness [Front],Roll Stiffness (No Tires) [Front],Roll Stiffness [Rear],Roll Stiffness (No Tires) [Rear],Heave Stiffness [Front],Heave Stiffness [Rear],Heave Stiffness Distribution [Front],Aerodynamic Downforce,Aerodynamic Downforce [Front],Aerodynamic Downforce [Rear],Aerodynamic Dragforce,Aerodynamic Pitch Moment,Aerodynamic Downforce Coefficient,Aerodynamic Dragforce Coefficient,Aerodynamic Downforce Distribution,Aerodynamic Efficiency,Air Density,Frontal Area,Static Suspended CG Location X,Static Suspended CG Location Y,Static Suspended CG Location Z,Suspended CG Location X,Suspended CG Location Y,Suspended CG Location Z,Lateral Velocity,Longitudinal Velocity,Chassis Slip Angle (Beta) [YMD Output],Static Track Width [Front],Track Width [Front],Camber Gain Heave [Front Left],Camber Gain Heave [Front Right],Toe Gain Heave [Front Left],Toe Gain Heave [Front Right],CoilOver Motion Ratio [Front Left],CoilOver Motion Ratio [Front Right],Static Ride Height [Front],Ride Height [Front],Static Roll Center Height [Front],Roll Center Height [Front],Wheel Displacement Ratio [Front Left],Wheel Displacement Ratio [Front Right],Anti-Effect [Front],Steered Angle [Front],Coilover Stiffness [Front Left],CoilOver Displacement [Front Left],CoilOver Force [Front Left],CoilOver Preload Force [Front Left],Spring Gap Full-Droop [Front Left],Spring Gap [Front Left],Spring Preload Force [Front Left],Spring Preload Displacement [Front Left],Spring Stiffness [Front Left],Spring Displacement [Front Left],Spring Force [Front Left],Spring Is Engaged [Front Left],Spring Free Length [Front Left],Bump Stop Gap Full-Droop [Front Left],Bump Stop Gap [Front Left],Bump Stop Preload Force [Front Left],Bump Stop Preload Displacement [Front Left],Bump Stop Stiffness [Front Left],Bump Stop Displacement [Front Left],Bump Stop Force [Front Left],Bump Stop Is Engaged [Front Left],Bump Stop Free Length [Front Left],Coilover Stiffness [Front Right],CoilOver Displacement [Front Right],CoilOver Force [Front Right],CoilOver Preload Force [Front Right],Spring Gap Full-Droop [Front Right],Spring Gap [Front Right],Spring Preload Force [Front Right],Spring Preload Displacement [Front Right],Spring Stiffness [Front Right],Spring Displacement [Front Right],Spring Force [Front Right],Spring Is Engaged [Front Right],Spring Free Length [Front Right],Bump Stop Gap Full-Droop [Front Right],Bump Stop Gap [Front Right],Bump Stop Preload Force [Front Right],Bump Stop Preload Displacement [Front Right],Bump Stop Stiffness [Front Right],Bump Stop Displacement [Front Right],Bump Stop Force [Front Right],Bump Stop Is Engaged [Front Right],Bump Stop Free Length [Front Right],ARB Linear Stiffness [Front],ARB Displacement [Front],ARB Force [Front],ARB Motion Ratio [Front],Roll Angle [Front],Tire Roll Angle [Front],Suspension Roll Angle [Front],Non-Suspended Mass [Front Left],Contact Patch Location X [Front Left],Contact Patch Location Y [Front Left],Contact Patch Location Z [Front Left],Tire Force Z [Front Left],Wheel Center Location X [Front Left],Wheel Center Location Y [Front Left],Wheel Center Location Z [Front Left],Tire Vertical Stiffness [Front Left],Tire Unloaded Radius [Front Left],Tire Loaded Radius [Front Left],Tire Deflection [Front Left],Wheel Off Ground Distance [Front Left],Tire Inflation Pressure [Front Left],Static Camber Angle [Front Left],Camber Angle [Front Left],Static Toe Angle [Front Left],Toe Angle [Front Left],Tire Force X (Tire) [Front Left],Tire Force X (Chassis) [Front Left],Tire Force Y (Tire) [Front Left],Tire Force Y (Chassis) [Front Left],Tire Force X [Front Left],Tire Force Y [Front Left],Tire Sliding Energy X [Front Left],Tire Sliding Energy Y [Front Left],Tire Sliding Energy (Total) [Front Left],Tire Moment Z [Front Left],Tire Longitudinal Friction Coefficient [Front Left],Tire Lateral Friction Coefficient [Front Left],Tire Overall Friction Coefficient [Front Left],Suspension Displacement [Front Left],Tire Force X Yaw Moment [Front Left],Tire Force Y Yaw Moment [Front Left],Tire Yaw Moment [Front Left],Contact Patch Speed Y [Front Left],Contact Patch Speed X [Front Left],Resultant Wheel Torque [Front Left],Non-Suspended Mass [Front Right],Contact Patch Location X [Front Right],Contact Patch Location Y [Front Right],Contact Patch Location Z [Front Right],Tire Force Z [Front Right],Wheel Center Location X [Front Right],Wheel Center Location Y [Front Right],Wheel Center Location Z [Front Right],Tire Vertical Stiffness [Front Right],Tire Unloaded Radius [Front Right],Tire Loaded Radius [Front Right],Tire Deflection [Front Right],Wheel Off Ground Distance [Front Right],Tire Inflation Pressure [Front Right],Static Camber Angle [Front Right],Camber Angle [Front Right],Static Toe Angle [Front Right],Toe Angle [Front Right],Tire Force X (Tire) [Front Right],Tire Force X (Chassis) [Front Right],Tire Force Y (Tire) [Front Right],Tire Force Y (Chassis) [Front Right],Tire Force X [Front Right],Tire Force Y [Front Right],Tire Sliding Energy X [Front Right],Tire Sliding Energy Y [Front Right],Tire Sliding Energy (Total) [Front Right],Tire Moment Z [Front Right],Tire Longitudinal Friction Coefficient [Front Right],Tire Lateral Friction Coefficient [Front Right],Tire Overall Friction Coefficient [Front Right],Suspension Displacement [Front Right],Tire Force X Yaw Moment [Front Right],Tire Force Y Yaw Moment [Front Right],Tire Yaw Moment [Front Right],Contact Patch Speed Y [Front Right],Contact Patch Speed X [Front Right],Resultant Wheel Torque [Front Right],Static Track Width [Rear],Track Width [Rear],Camber Gain Heave [Rear Left],Camber Gain Heave [Rear Right],Toe Gain Heave [Rear Left],Toe Gain Heave [Rear Right],CoilOver Motion Ratio [Rear Left],CoilOver Motion Ratio [Rear Right],Static Ride Height [Rear],Ride Height [Rear],Static Roll Center Height [Rear],Roll Center Height [Rear],Wheel Displacement Ratio [Rear Left],Wheel Displacement Ratio [Rear Right],Anti-Effect [Rear],Steered Angle [Rear],Coilover Stiffness [Rear Left],CoilOver Displacement [Rear Left],CoilOver Force [Rear Left],CoilOver Preload Force [Rear Left],Spring Gap Full-Droop [Rear Left],Spring Gap [Rear Left],Spring Preload Force [Rear Left],Spring Preload Displacement [Rear Left],Spring Stiffness [Rear Left],Spring Displacement [Rear Left],Spring Force [Rear Left],Spring Is Engaged [Rear Left],Spring Free Length [Rear Left],Bump Stop Gap Full-Droop [Rear Left],Bump Stop Gap [Rear Left],Bump Stop Preload Force [Rear Left],Bump Stop Preload Displacement [Rear Left],Bump Stop Stiffness [Rear Left],Bump Stop Displacement [Rear Left],Bump Stop Force [Rear Left],Bump Stop Is Engaged [Rear Left],Bump Stop Free Length [Rear Left],Coilover Stiffness [Rear Right],CoilOver Displacement [Rear Right],CoilOver Force [Rear Right],CoilOver Preload Force [Rear Right],Spring Gap Full-Droop [Rear Right],Spring Gap [Rear Right],Spring Preload Force [Rear Right],Spring Preload Displacement [Rear Right],Spring Stiffness [Rear Right],Spring Displacement [Rear Right],Spring Force [Rear Right],Spring Is Engaged [Rear Right],Spring Free Length [Rear Right],Bump Stop Gap Full-Droop [Rear Right],Bump Stop Gap [Rear Right],Bump Stop Preload Force [Rear Right],Bump Stop Preload Displacement [Rear Right],Bump Stop Stiffness [Rear Right],Bump Stop Displacement [Rear Right],Bump Stop Force [Rear Right],Bump Stop Is Engaged [Rear Right],Bump Stop Free Length [Rear Right],ARB Linear Stiffness [Rear],ARB Displacement [Rear],ARB Force [Rear],ARB Motion Ratio [Rear],Roll Angle [Rear],Tire Roll Angle [Rear],Suspension Roll Angle [Rear],Non-Suspended Mass [Rear Left],Contact Patch Location X [Rear Left],Contact Patch Location Y [Rear Left],Contact Patch Location Z [Rear Left],Tire Force Z [Rear Left],Wheel Center Location X [Rear Left],Wheel Center Location Y [Rear Left],Wheel Center Location Z [Rear Left],Tire Vertical Stiffness [Rear Left],Tire Unloaded Radius [Rear Left],Tire Loaded Radius [Rear Left],Tire Deflection [Rear Left],Wheel Off Ground Distance [Rear Left],Tire Inflation Pressure [Rear Left],Static Camber Angle [Rear Left],Camber Angle [Rear Left],Static Toe Angle [Rear Left],Toe Angle [Rear Left],Tire Force X (Tire) [Rear Left],Tire Force X (Chassis) [Rear Left],Tire Force Y (Tire) [Rear Left],Tire Force Y (Chassis) [Rear Left],Tire Force X [Rear Left],Tire Force Y [Rear Left],Tire Sliding Energy X [Rear Left],Tire Sliding Energy Y [Rear Left],Tire Sliding Energy (Total) [Rear Left],Tire Moment Z [Rear Left],Tire Longitudinal Friction Coefficient [Rear Left],Tire Lateral Friction Coefficient [Rear Left],Tire Overall Friction Coefficient [Rear Left],Suspension Displacement [Rear Left],Tire Force X Yaw Moment [Rear Left],Tire Force Y Yaw Moment [Rear Left],Tire Yaw Moment [Rear Left],Contact Patch Speed Y [Rear Left],Contact Patch Speed X [Rear Left],Resultant Wheel Torque [Rear Left],Non-Suspended Mass [Rear Right],Contact Patch Location X [Rear Right],Contact Patch Location Y [Rear Right],Contact Patch Location Z [Rear Right],Tire Force Z [Rear Right],Wheel Center Location X [Rear Right],Wheel Center Location Y [Rear Right],Wheel Center Location Z [Rear Right],Tire Vertical Stiffness [Rear Right],Tire Unloaded Radius [Rear Right],Tire Loaded Radius [Rear Right],Tire Deflection [Rear Right],Wheel Off Ground Distance [Rear Right],Tire Inflation Pressure [Rear Right],Static Camber Angle [Rear Right],Camber Angle [Rear Right],Static Toe Angle [Rear Right],Toe Angle [Rear Right],Tire Force X (Tire) [Rear Right],Tire Force X (Chassis) [Rear Right],Tire Force Y (Tire) [Rear Right],Tire Force Y (Chassis) [Rear Right],Tire Force X [Rear Right],Tire Force Y [Rear Right],Tire Sliding Energy X [Rear Right],Tire Sliding Energy Y [Rear Right],Tire Sliding Energy (Total) [Rear Right],Tire Moment Z [Rear Right],Tire Longitudinal Friction Coefficient [Rear Right],Tire Lateral Friction Coefficient [Rear Right],Tire Overall Friction Coefficient [Rear Right],Suspension Displacement [Rear Right],Tire Force X Yaw Moment [Rear Right],Tire Force Y Yaw Moment [Rear Right],Tire Yaw Moment [Rear Right],Contact Patch Speed Y [Rear Right],Contact Patch Speed X [Rear Right],Resultant Wheel Torque [Rear Right],Front Differential Locking Torque,Front Differential Is Locked,Rear Differential Locking Torque,Rear Differential Is Locked,Brake Torque Distribution,Front Differential Speed Difference,Rear Differential Speed Difference,Front Axle Wheel Torque Difference,Rear Axle Wheel Torque Difference,Acceleration Input [Longitudinal],Acceleration Input [Lateral],Acceleration Input [Vertical],Simulation Input [Steering],Simulation Input [Velocity],Track Map X Coordinate,Track Map Y Coordinate,Simulation [Percentage Completion],Simulation [Time],Input Parameters Reference Distance,Input Parameters Chassis Total Mass,Input Parameters Chassis Mass Distribution Front,Input Parameters Chassis CG Height,Input Parameters Chassis Non-Suspended Mass Front Corner,Input Parameters Chassis Non-Suspended Mass Rear Corner,Input Parameters Chassis Front Ride Height,Input Parameters Chassis Rear Ride Height,Input Parameters Chassis Reference Front Ride Height,Input Parameters Chassis Reference Rear Ride Height,Input Parameters Aerodynamics Frontal Area,Input Parameters Aerodynamics Downforce Front Coefficient,Input Parameters Aerodynamics Downforce Rear Coefficient,Input Parameters Aerodynamics Drag Coefficient,Input Parameters Brakes Brake Distribution Front,Input Parameters Front Suspension Steering Ratio,Input Parameters Front Suspension Camber Gain with Steering,Input Parameters Front Suspension Roll Center Height,Input Parameters Front Suspension Static Camber,Input Parameters Front Suspension Static Toe,Input Parameters Front Suspension Camber Gain,Input Parameters Front Suspension Toe Gain,Input Parameters Front Suspension Track,Input Parameters Front Suspension ARB Stiffness,Input Parameters Front Suspension Side Coilover Bump Stop Gap,Input Parameters Front Suspension Side Coilover Spring Gap,Input Parameters Front Suspension Side Coilover Spring Stiffness,Input Parameters Front Suspension Tire Pressure,Input Parameters Rear Suspension Steering Ratio,Input Parameters Rear Suspension Camber Gain with Steering,Input Parameters Rear Suspension Roll Center Height,Input Parameters Rear Suspension Static Camber,Input Parameters Rear Suspension Static Toe,Input Parameters Rear Suspension Camber Gain,Input Parameters Rear Suspension Toe Gain,Input Parameters Rear Suspension Track,Input Parameters Rear Suspension ARB Stiffness,Input Parameters Rear Suspension Side Coilover Bump Stop Gap,Input Parameters Rear Suspension Side Coilover Spring Gap,Input Parameters Rear Suspension Side Coilover Spring Stiffness,Input Parameters Rear Suspension Tire Pressure,Input Parameters Drivetrain Rear Differential Static Preload,Input Parameters Drivetrain Rear Differential Ramp Coefficient Drive,Input Parameters Drivetrain Rear Differential Ramp Coefficient Brake,Input Parameters Drivetrain Rear Differential Viscous Coefficient,
-,-,-,N,N.m,N.m,N,N,N,N,rpm,N.m/deg,N.m/deg,%,%,N.m,-,%,mm,deg,deg,deg,deg,deg,mm,mm,mm,N,N,N,N,mm,mm,mm,mm,mm,mm,mm,mm,mm,mm,mm,mm,-,%,%,%,m/s^2,m/s^2,m/s^2,%,%,%,N,rpm,kg,kg,N,N,deg,deg,mm,mm,mm,mm,mm,mm,mm,mm,mm,N,N,N,N,N,N,N,N,%,%,%,%,%,%,%,%,m,-,rpm,deg,deg,rpm,rpm,rpm,rpm,N.m/deg,N.m/deg,N.m/deg,%,%,N/mm,N.m/deg,N.m/deg,N.m/deg,N.m/deg,N/mm,N/mm,%,N,N,N,N,N.m,-,-,%,-,kg/m^3,m^2,mm,mm,mm,mm,mm,mm,km/h,km/h,deg,mm,mm,deg/mm,deg/mm,deg/mm,deg/mm,-,-,mm,mm,mm,mm,mm/deg,mm/deg,%,deg,N/mm,mm,N,N,mm,mm,N,mm,N/mm,mm,N,-,mm,mm,mm,N,mm,N/mm,mm,N,-,mm,N/mm,mm,N,N,mm,mm,N,mm,N/mm,mm,N,-,mm,mm,mm,N,mm,N/mm,mm,N,-,mm,N/mm,mm,N,-,deg,deg,deg,kg,mm,mm,mm,N,mm,mm,mm,N/mm,mm,mm,mm,mm,Pa,deg,deg,deg,deg,N,N,N,N,N,N,kJ,kJ,kJ,N.m,-,-,-,mm,N.m,N.m,N.m,km/h,km/h,N.m,kg,mm,mm,mm,N,mm,mm,mm,N/mm,mm,mm,mm,mm,Pa,deg,deg,deg,deg,N,N,N,N,N,N,kJ,kJ,kJ,N.m,-,-,-,mm,N.m,N.m,N.m,km/h,km/h,N.m,mm,mm,deg/mm,deg/mm,deg/mm,deg/mm,-,-,mm,mm,mm,mm,mm/deg,mm/deg,%,deg,N/mm,mm,N,N,mm,mm,N,mm,N/mm,mm,N,-,mm,mm,mm,N,mm,N/mm,mm,N,-,mm,N/mm,mm,N,N,mm,mm,N,mm,N/mm,mm,N,-,mm,mm,mm,N,mm,N/mm,mm,N,-,mm,N/mm,mm,N,-,deg,deg,deg,kg,mm,mm,mm,N,mm,mm,mm,N/mm,mm,mm,mm,mm,Pa,deg,deg,deg,deg,N,N,N,N,N,N,kJ,kJ,kJ,N.m,-,-,-,mm,N.m,N.m,N.m,km/h,km/h,N.m,kg,mm,mm,mm,N,mm,mm,mm,N/mm,mm,mm,mm,mm,Pa,deg,deg,deg,deg,N,N,N,N,N,N,kJ,kJ,kJ,N.m,-,-,-,mm,N.m,N.m,N.m,km/h,km/h,N.m,N.m,-,N.m,-,%,rpm,rpm,N.m,N.m,m/s^2,m/s^2,m/s^2,deg,km/h,mm,mm,-,s,mm,kg,%,mm,kg,kg,mm,mm,mm,mm,m^2,-,-,%,%,-,-,mm,deg,deg,deg/mm,deg/mm,mm,N/mm,mm,mm,N/mm,Pa,-,-,mm,deg,deg,deg/mm,deg/mm,mm,N/mm,mm,mm,N/mm,Pa,N.m,-,-,-,
13.000,0.000,1.000,-1.602,-1.425,-0.291,-0.041,0.040,-0.009,0.126,0.000,0.000,0.000,0.000,0.000,-9.950,3.534,64.091,-60.553,0.115,0.000,-1.046,-1.054,-1.066,2495.000,2495.000,2495.000,3182.854,3182.854,2997.445,2997.445,20.671,20.671,56.967,56.967,0.686,2.621,4.467,6.873,2495.000,2495.000,2495.000,-12.876,1.000,51.184,48.142,49.477,1.000,0.200,0.001,51.500,50.000,50.000,13288.072,0.573,1059.000,1260.000,6801.320,6486.752,0.008,0.020,-80.870,0.000,355.000,-80.870,0.000,354.099,0.000,0.000,335.511,-5.052,5.459,-5.593,1.471,2771.675,3077.554,2650.155,2820.356,-0.183,0.177,-0.211,0.052,100.183,99.823,100.211,99.948,277.653,0.000,0.000,0.000,0.000,0.000,0.000,0.000,0.000,3608.722,5129.997,5087.359,64.339,69.003,191.836,2321.831,3539.845,1286.891,1590.152,158.527,66.453,70.463,928.958,-464.479,-464.479,518.073,137.225,2.600,1.450,50.000,1.793,1.225,2.100,15.349,0.000,336.975,15.349,0.000,331.983,0.000,60.000,0.000,1720.000,1720.000,-0.017,-0.017,0.060,0.060,1.145,1.145,45.000,42.263,19.100,16.363,0.000,0.000,0.000,107.100,150.000,21.357,3203.560,0.000,0.000,0.000,0.000,0.000,150.000,21.357,3203.560,1.000,250.000,185.000,163.643,0.000,0.000,4.905,0.000,0.000,0.000,15.000,150.000,23.292,3493.807,0.000,0.000,0.000,0.000,0.000,150.000,23.292,3493.807,1.000,250.000,185.000,161.708,0.000,0.000,4.905,0.000,0.000,0.000,15.000,15.500,1.935,29.992,1.145,0.115,0.041,0.074,48.500,1210.075,860.000,0.000,3242.465,1210.075,860.000,354.769,258.000,355.000,342.432,12.568,0.000,160000.000,-3.500,-3.628,2.500,2281.271,262.909,0.000,-159.666,307.594,262.909,-159.666,0.000,0.012,0.012,0.000,0.081,-0.049,0.095,24.454,0.000,372.212,372.212,0.261,59.814,93.333,48.500,1210.075,-860.000,0.000,3558.855,1210.075,-860.000,353.543,258.000,355.000,341.206,13.794,0.000,160000.000,-3.500,-3.436,2.500,-2276.043,303.328,0.000,-148.227,337.608,303.328,-148.227,0.000,0.011,0.011,0.000,0.085,-0.042,0.095,26.669,0.000,408.531,408.531,0.261,60.186,107.682,1720.000,1720.000,-0.017,-0.017,0.060,0.060,1.145,1.145,55.000,47.554,19.100,11.654,0.000,0.000,0.000,0.000,50.000,61.434,3071.719,0.000,0.000,0.000,0.000,0.000,50.000,61.434,3071.719,1.000,250.000,185.000,123.566,0.000,0.000,4.905,0.000,0.000,0.000,15.000,50.000,63.840,3192.016,0.000,0.000,0.000,0.000,0.000,50.000,63.840,3192.016,1.000,250.000,185.000,121.160,0.000,0.000,4.905,0.000,0.000,0.000,15.000,15.500,2.406,37.292,1.145,0.115,0.023,0.092,52.000,-1284.925,860.000,0.000,3154.743,-1284.925,860.000,354.390,258.000,355.000,342.772,12.228,0.000,160000.000,-3.500,-3.702,2.500,2.807,399.230,385.036,280.058,299.273,399.230,280.058,0.000,0.022,0.022,0.000,0.127,0.089,0.155,70.342,-331.131,-384.543,-715.674,-0.278,59.814,141.727,52.000,-1284.925,-860.000,0.000,3332.009,-1284.925,-860.000,353.703,258.000,355.000,342.085,12.915,0.000,160000.000,-3.500,-3.519,2.500,2.972,368.129,385.036,335.628,316.089,368.129,335.628,0.000,0.026,0.026,0.000,0.110,0.101,0.150,73.097,331.131,-406.150,-75.019,-0.278,60.186,130.686,100.000,0.000,100.000,0.000,75.000,0.000,0.000,-14.349,11.041,0.200,1.000,0.000,107.100,60.000,0.000,0.000,0.000,0.000,2495.000,1260.000,51.500,345.000,48.500,52.000,45.000,55.000,55.000,55.000,2.100,1.300,1.300,1.450,75.000,0.047,0.000,19.100,-3.500,2.500,-0.017,0.060,1720.000,15.500,185.000,0.000,150.000,160000.000,0.047,0.000,19.100,-3.500,2.500,-0.017,0.060,1720.000,15.500,185.000,0.000,50.000,160000.000,90.000,0.800,1.300,2.000,
13.000,0.000,1.000,-2.026,-1.914,-0.355,-0.050,0.053,0.002,0.168,0.000,0.000,0.000,0.000,0.000,-10.226,4.569,64.174,-61.761,0.115,0.000,-1.069,-1.077,-1.089,2495.000,2495.000,2495.000,3182.854,3182.854,2997.445,2997.445,20.671,20.671,56.967,56.967,1.128,3.065,5.781,8.191,2495.000,2495.000,2495.000,-13.098,1.000,51.175,48.177,49.483,1.001,0.200,0.001,51.500,50.000,50.000,13517.079,0.513,1059.000,1260.000,6917.349,6599.730,0.008,0.020,-80.870,0.000,355.000,-80.870,0.000,353.878,0.000,0.000,334.460,-4.864,5.201,-6.062,0.009,2829.561,3135.739,2707.459,2877.931,-0.172,0.166,-0.224,0.000,100.172,99.834,100.224,100.000,346.175,0.000,0.000,0.000,0.000,0.000,0.000,0.000,0.000,3608.722,5129.997,5087.359,64.339,69.003,191.836,2321.831,3539.845,1286.891,1590.152,158.527,66.453,70.463,1158.332,-579.166,-579.166,645.993,170.328,2.600,1.450,50.000,1.793,1.225,2.100,15.349,0.000,336.975,15.349,0.000,330.775,0.000,66.999,0.000,1720.000,1720.000,-0.017,-0.017,0.060,0.060,1.145,1.145,45.000,41.531,19.100,15.631,0.000,0.000,0.000,87.292,150.000,21.799,3269.869,0.000,0.000,0.000,0.000,0.000,150.000,21.799,3269.869,1.000,250.000,185.000,163.201,0.000,0.000,4.905,0.000,0.000,0.000,15.000,150.000,23.736,3560.399,0.000,0.000,0.000,0.000,0.000,150.000,23.736,3560.399,1.000,250.000,185.000,161.264,0.000,0.000,4.905,0.000,0.000,0.000,15.000,15.500,1.937,30.022,1.145,0.115,0.041,0.074,48.500,1210.075,860.000,0.000,3300.553,1210.075,860.000,354.544,258.000,355.000,342.207,12.793,0.000,160000.000,-3.500,-3.637,2.500,1859.859,266.209,0.000,154.572,307.831,266.209,154.572,0.000,0.010,0.010,0.000,0.081,0.047,0.093,24.960,0.000,372.499,372.499,0.234,66.833,94.504,48.500,1210.075,-860.000,0.000,3616.796,1210.075,-860.000,353.318,258.000,355.000,340.981,14.019,0.000,160000.000,-3.500,-3.445,2.500,-1854.571,274.864,0.000,195.547,337.326,274.864,195.547,0.000,0.013,0.013,0.000,0.076,0.054,0.093,27.178,0.000,408.190,408.190,0.234,67.166,97.577,1720.000,1720.000,-0.017,-0.017,0.060,0.060,1.145,1.145,55.000,45.829,19.100,9.929,0.000,0.000,0.000,0.000,50.000,62.748,3137.392,0.000,0.000,0.000,0.000,0.000,50.000,62.748,3137.392,1.000,250.000,185.000,122.252,0.000,0.000,4.905,0.000,0.000,0.000,15.000,50.000,65.158,3257.880,0.000,0.000,0.000,0.000,0.000,50.000,65.158,3257.880,1.000,250.000,185.000,119.842,0.000,0.000,4.905,0.000,0.000,0.000,15.000,15.500,2.410,37.351,1.145,0.115,0.023,0.092,52.000,-1284.925,860.000,0.000,3211.593,-1284.925,860.000,354.170,258.000,355.000,342.552,12.448,0.000,160000.000,-3.500,-3.727,2.500,2.897,463.562,448.997,276.458,299.534,463.562,276.458,0.000,0.019,0.019,0.000,0.144,0.086,0.168,71.846,-386.137,-384.879,-771.016,-0.249,66.833,164.565,52.000,-1284.925,-860.000,0.000,3388.137,-1284.925,-860.000,353.486,258.000,355.000,341.868,13.132,0.000,160000.000,-3.500,-3.545,2.500,3.063,431.472,448.997,339.538,316.000,431.472,339.538,0.000,0.023,0.023,0.000,0.127,0.100,0.162,74.605,386.137,-406.036,-19.899,-0.249,67.166,153.172,100.000,0.000,100.000,0.000,75.000,0.000,0.000,-3.072,11.392,0.200,1.000,0.000,87.292,66.999,61246.559,13844.832,5.000,3.568,2495.000,1260.000,51.500,345.000,48.500,52.000,45.000,55.000,55.000,55.000,2.100,1.300,1.300,1.450,75.000,0.047,0.000,19.100,-3.500,2.500,-0.017,0.060,1720.000,15.500,185.000,0.000,150.000,160000.000,0.047,0.000,19.100,-3.500,2.500,-0.017,0.060,1720.000,15.500,185.000,0.000,50.000,160000.000,90.000,0.800,1.300,2.000,
13.000,0.000,1.000,-2.509,-2.447,-0.442,-0.060,0.066,0.021,0.220,0.000,0.000,0.000,0.000,0.000,-10.522,5.764,64.268,-63.104,0.115,0.000,-1.094,-1.102,-1.115,2495.000,2495.000,2495.000,3182.854,3182.854,2997.445,2997.445,20.671,20.671,56.967,56.967,1.619,3.558,7.244,9.658,2495.000,2495.000,2495.000,-13.344,1.000,51.166,48.214,49.490,1.001,0.200,0.002,51.500,50.000,50.000,13771.328,0.465,1059.000,1260.000,7046.170,6725.158,0.008,0.021,-80.870,0.000,355.000,-80.870,0.000,353.631,0.000,0.000,333.292,-4.654,4.914,-6.778,-1.814,2893.833,3200.333,2771.277,2942.047,-0.161,0.153,-0.245,-0.062,100.161,99.847,100.245,100.062,422.235,0.000,0.000,0.000,0.000,0.000,0.000,0.000,0.000,3608.722,5129.997,5087.359,64.339,69.003,191.836,2321.831,3539.845,1286.891,1590.152,158.527,66.453,70.463,1412.989,-706.494,-706.494,788.013,206.716,2.600,1.450,50.000,1.793,1.225,2.100,15.349,0.000,336.975,15.349,0.000,329.432,0.000,73.998,0.000,1720.000,1720.000,-0.017,-0.017,0.060,0.060,1.145,1.145,45.000,40.718,19.100,14.818,0.000,0.000,0.000,71.443,150.000,22.290,3343.491,0.000,0.000,0.000,0.000,0.000,150.000,22.290,3343.491,1.000,250.000,185.000,162.710,0.000,0.000,4.905,0.000,0.000,0.000,15.000,150.000,24.229,3634.328,0.000,0.000,0.000,0.000,0.000,150.000,24.229,3634.328,1.000,250.000,185.000,160.771,0.000,0.000,4.905,0.000,0.000,0.000,15.000,15.500,1.939,30.053,1.145,0.115,0.041,0.074,48.500,1210.075,860.000,0.000,3365.050,1210.075,860.000,354.294,258.000,355.000,341.957,13.043,0.000,160000.000,-3.500,-3.646,2.500,1522.673,305.570,0.000,39.293,308.086,305.570,39.293,0.000,0.002,0.002,0.000,0.091,0.012,0.092,25.522,0.000,372.807,372.807,0.212,73.848,108.477,48.500,1210.075,-860.000,0.000,3681.120,1210.075,-860.000,353.069,258.000,355.000,340.732,14.268,0.000,160000.000,-3.500,-3.454,2.500,-1517.317,328.800,0.000,73.995,337.023,328.800,73.995,0.000,0.004,0.004,0.000,0.089,0.020,0.092,27.742,0.000,407.823,407.823,0.212,74.149,116.724,1720.000,1720.000,-0.017,-0.017,0.060,0.060,1.145,1.145,55.000,43.909,19.100,8.009,0.000,0.000,0.000,0.000,50.000,64.211,3210.529,0.000,0.000,0.000,0.000,0.000,50.000,64.211,3210.529,1.000,250.000,185.000,120.789,0.000,0.000,4.905,0.000,0.000,0.000,15.000,50.000,66.625,3331.227,0.000,0.000,0.000,0.000,0.000,50.000,66.625,3331.227,1.000,250.000,185.000,118.375,0.000,0.000,4.905,0.000,0.000,0.000,15.000,15.500,2.414,37.416,1.145,0.115,0.023,0.092,52.000,-1284.925,860.000,0.000,3274.713,-1284.925,860.000,353.925,258.000,355.000,342.307,12.693,0.000,160000.000,-3.500,-3.756,2.500,2.998,534.974,520.007,272.211,299.815,534.974,272.211,0.000,0.017,0.017,0.000,0.163,0.083,0.183,73.521,-447.206,-385.240,-832.445,-0.225,73.848,189.916,52.000,-1284.925,-860.000,0.000,3450.446,-1284.925,-860.000,353.244,258.000,355.000,341.626,13.374,0.000,160000.000,-3.500,-3.573,2.500,3.163,501.781,520.007,344.119,315.904,501.781,344.119,0.000,0.022,0.022,0.000,0.145,0.100,0.176,76.285,447.206,-405.913,41.293,-0.225,74.149,178.132,100.000,0.000,100.000,0.000,75.000,0.000,0.000,-8.247,11.783,0.200,1.000,0.000,71.443,73.998,124900.088,42348.427,10.000,7.135,2495.000,1260.000,51.500,345.000,48.500,52.000,45.000,55.000,55.000,55.000,2.100,1.300,1.300,1.450,75.000,0.047,0.000,19.100,-3.500,2.500,-0.017,0.060,1720.000,15.500,185.000,0.000,150.000,160000.000,0.047,0.000,19.100,-3.500,2.500,-0.017,0.060,1720.000,15.500,185.000,0.000,50.000,160000.000,90.000,0.800,1.300,2.000,
13.000,0.000,1.000,-3.052,-3.021,-0.555,-0.070,0.080,0.051,0.283,0.000,0.000,0.000,0.000,0.000,-10.835,7.111,64.371,-64.583,0.115,0.000,-1.122,-1.131,-1.143,2495.000,2495.000,2495.000,3182.854,3182.854,2997.445,2997.445,20.671,20.671,56.967,56.967,2.158,4.099,8.857,11.276,2495.000,2495.000,2495.000,-13.615,1.000,51.156,48.254,49.498,1.001,0.200,0.002,51.500,50.000,50.000,14050.819,0.424,1059.000,1260.000,7187.782,6863.037,0.008,0.021,-80.870,0.000,355.000,-80.870,0.000,353.361,0.000,0.000,332.006,-4.423,4.599,-7.801,-4.062,2964.492,3271.336,2841.673,3012.764,-0.149,0.140,-0.275,-0.135,100.149,99.860,100.275,100.135,505.830,0.000,0.000,0.000,0.000,0.000,0.000,0.000,0.000,3608.722,5129.997,5087.359,64.339,69.003,191.836,2321.831,3539.845,1286.891,1590.152,158.527,66.453,70.463,1692.928,-846.464,-846.464,944.133,246.273,2.600,1.450,50.000,1.793,1.225,2.100,15.349,0.000,336.975,15.349,0.000,327.952,0.000,80.998,0.000,1720.000,1720.000,-0.017,-0.017,0.060,0.060,1.145,1.145,45.000,39.824,19.100,13.924,0.000,0.000,0.000,59.133,150.000,22.830,3424.430,0.000,0.000,0.000,0.000,0.000,150.000,22.830,3424.430,1.000,250.000,185.000,162.170,0.000,0.000,4.905,0.000,0.000,0.000,15.000,150.000,24.771,3715.593,0.000,0.000,0.000,0.000,0.000,150.000,24.771,3715.593,1.000,250.000,185.000,160.229,0.000,0.000,4.905,0.000,0.000,0.000,15.000,15.500,1.941,30.087,1.145,0.115,0.041,0.074,48.500,1210.075,860.000,0.000,3435.958,1210.075,860.000,354.019,258.000,355.000,341.682,13.318,0.000,160000.000,-3.500,-3.657,2.500,1260.797,-4.289,0.000,-308.326,308.356,-4.289,-308.326,0.000,0.017,0.017,0.000,-0.001,-0.090,0.090,26.140,0.000,373.133,373.133,0.194,80.860,-1.523,48.500,1210.075,-860.000,0.000,3751.824,1210.075,-860.000,352.795,258.000,355.000,340.458,14.542,0.000,160000.000,-3.500,-3.465,2.500,-1255.367,27.196,0.000,-335.602,336.703,27.196,-335.602,0.000,0.018,0.018,0.000,0.007,-0.089,0.090,28.362,0.000,407.435,407.435,0.194,81.135,9.655,1720.000,1720.000,-0.017,-0.017,0.060,0.060,1.145,1.145,55.000,41.792,19.100,5.892,0.000,0.000,0.000,0.000,50.000,65.824,3291.202,0.000,0.000,0.000,0.000,0.000,50.000,65.824,3291.202,1.000,250.000,185.000,119.176,0.000,0.000,4.905,0.000,0.000,0.000,15.000,50.000,68.243,3412.128,0.000,0.000,0.000,0.000,0.000,50.000,68.243,3412.128,1.000,250.000,185.000,116.757,0.000,0.000,4.905,0.000,0.000,0.000,15.000,15.500,2.419,37.487,1.145,0.115,0.023,0.092,52.000,-1284.925,860.000,0.000,3344.104,-1284.925,860.000,353.656,258.000,355.000,342.038,12.962,0.000,160000.000,-3.500,-3.787,2.500,3.108,613.461,598.067,267.240,300.112,613.461,267.240,0.000,0.015,0.015,0.000,0.183,0.080,0.200,75.369,-514.337,-385.622,-899.959,-0.206,80.860,217.779,52.000,-1284.925,-860.000,0.000,3518.934,-1284.925,-860.000,352.979,258.000,355.000,341.361,13.639,0.000,160000.000,-3.500,-3.605,2.500,3.275,579.051,598.067,349.449,315.802,579.051,349.449,0.000,0.020,0.020,0.000,0.165,0.099,0.192,78.138,514.337,-405.782,108.555,-0.206,81.135,205.563,100.000,0.000,100.000,0.000,75.000,0.000,0.000,-11.177,12.215,0.200,1.000,0.000,59.133,80.998,188172.302,85688.951,15.000,10.703,2495.000,1260.000,51.500,345.000,48.500,52.000,45.000,55.000,55.000,55.000,2.100,1.300,1.300,1.450,75.000,0.047,0.000,19.100,-3.500,2.500,-0.017,0.060,1720.000,15.500,185.000,0.000,150.000,160000.000,0.047,0.000,19.100,-3.500,2.500,-0.017,0.060,1720.000,15.500,185.000,0.000,50.000,160000.000,90.000,0.800,1.300,2.000,
14.000,0.000,1.000,-0.762,-1.018,-0.165,-0.020,0.026,0.024,0.093,0.000,0.000,0.000,0.000,0.000,-11.161,2.107,64.503,-66.216,0.114,0.000,-1.154,-1.162,-1.174,2495.000,2495.000,2495.000,3182.854,3182.854,2997.445,2997.445,20.671,20.671,56.967,56.967,2.758,4.688,10.650,13.057,2495.000,2495.000,2495.000,-13.913,1.000,51.145,48.309,49.509,1.000,0.200,0.001,51.500,50.000,50.000,14358.111,0.391,1059.000,1260.000,7343.461,7014.650,0.008,0.021,-80.870,0.000,355.000,-80.870,0.000,353.063,0.000,0.000,330.586,-4.007,4.278,-9.168,-6.986,3043.273,3348.297,2920.135,3090.376,-0.132,0.128,-0.315,-0.227,100.132,99.872,100.315,100.227,597.382,0.000,0.000,0.000,0.000,0.000,0.000,0.000,0.000,3608.722,5129.997,5087.359,64.339,69.003,191.836,2321.831,3539.845,1286.891,1590.152,158.527,66.453,70.463,1998.150,-999.075,-999.075,1114.353,288.855,2.600,1.450,50.000,1.793,1.225,2.100,15.349,0.000,336.975,15.349,0.000,326.320,0.000,87.997,0.000,1720.000,1720.000,-0.017,-0.017,0.060,0.060,1.145,1.145,45.000,38.842,19.100,12.942,0.000,0.000,0.000,50.244,150.000,23.430,3514.456,0.000,0.000,0.000,0.000,0.000,150.000,23.430,3514.456,1.000,250.000,185.000,161.570,0.000,0.000,4.905,0.000,0.000,0.000,15.000,150.000,25.359,3803.892,0.000,0.000,0.000,0.000,0.000,150.000,25.359,3803.892,1.000,250.000,185.000,159.641,0.000,0.000,4.905,0.000,0.000,0.000,15.000,15.500,1.930,29.908,1.145,0.114,0.040,0.074,48.500,1210.075,860.000,0.000,3515.076,1210.075,860.000,353.712,258.000,355.000,341.376,13.624,0.000,160000.000,-3.500,-3.668,2.500,1071.710,-44.481,0.000,305.298,308.521,-44.481,305.298,0.000,0.015,0.015,0.000,-0.013,0.087,0.088,26.827,0.000,373.334,373.334,0.178,87.870,-15.791,48.500,1210.075,-860.000,0.000,3828.385,1210.075,-860.000,352.498,258.000,355.000,340.161,14.839,0.000,160000.000,-3.500,-3.477,2.500,-1066.199,-80.158,0.000,326.320,336.021,-80.158,326.320,0.000,0.016,0.016,0.000,-0.021,0.085,0.088,29.036,0.000,406.610,406.610,0.178,88.124,-28.456,1720.000,1720.000,-0.017,-0.017,0.060,0.060,1.145,1.145,55.000,39.452,19.100,3.552,0.000,0.000,0.000,0.000,50.000,67.617,3380.855,0.000,0.000,0.000,0.000,0.000,50.000,67.617,3380.855,1.000,250.000,185.000,117.383,0.000,0.000,4.905,0.000,0.000,0.000,15.000,50.000,70.024,3501.180,0.000,0.000,0.000,0.000,0.000,50.000,70.024,3501.180,1.000,250.000,185.000,114.976,0.000,0.000,4.905,0.000,0.000,0.000,15.000,15.500,2.406,37.301,1.145,0.114,0.022,0.092,52.000,-1284.925,860.000,0.000,3421.114,-1284.925,860.000,353.358,258.000,355.000,341.740,13.260,0.000,160000.000,-3.500,-3.821,2.500,3.232,699.017,683.176,261.284,300.274,699.017,261.284,0.000,0.014,0.014,0.000,0.204,0.076,0.218,77.422,-587.532,-385.830,-973.362,-0.189,87.870,248.151,52.000,-1284.925,-860.000,0.000,3593.536,-1284.925,-860.000,352.690,258.000,355.000,341.072,13.928,0.000,160000.000,-3.500,-3.640,2.500,3.397,663.287,683.176,355.335,315.408,663.287,355.335,0.000,0.019,0.019,0.000,0.185,0.099,0.209,80.177,587.532,-405.276,182.256,-0.189,88.124,235.467,100.000,0.000,100.000,0.000,75.000,0.000,0.000,12.665,12.684,0.200,1.000,0.000,50.244,87.997,248547.332,143571.060,20.000,14.270,2495.000,1260.000,51.500,345.000,48.500,52.000,45.000,55.000,55.000,55.000,2.100,1.300,1.300,1.450,75.000,0.047,0.000,19.100,-3.500,2.500,-0.017,0.060,1720.000,15.500,185.000,0.000,150.000,160000.000,0.047,0.000,19.100,-3.500,2.500,-0.017,0.060,1720.000,15.500,185.000,0.000,50.000,160000.000,90.000,0.800,1.300,2.000,
14.000,0.000,1.000,-0.907,-1.188,-0.212,-0.022,0.029,0.039,0.116,0.000,0.000,0.000,0.000,0.000,-11.496,2.514,64.631,-67.974,0.114,0.000,-1.187,-1.196,-1.208,2495.000,2495.000,2495.000,3182.854,3182.854,2997.445,2997.445,20.671,20.671,56.967,56.967,3.398,5.327,12.575,14.984,2495.000,2495.000,2495.000,-14.233,1.000,51.134,48.353,49.518,1.000,0.200,0.001,51.500,50.000,50.000,14688.557,0.362,1059.000,1260.000,7510.904,7177.654,0.009,0.021,-80.870,0.000,355.000,-80.870,0.000,352.743,0.000,0.000,329.057,-3.706,3.911,-11.046,-10.356,3127.029,3432.043,3004.180,3174.574,-0.119,0.114,-0.369,-0.327,100.119,99.886,100.369,100.327,696.189,0.000,0.000,0.000,0.000,0.000,0.000,0.000,0.000,3608.722,5129.997,5087.359,64.339,69.003,191.836,2321.831,3539.845,1286.891,1590.152,158.527,66.453,70.463,2328.703,-1164.351,-1164.351,1298.700,334.357,2.600,1.450,50.000,1.793,1.225,2.100,15.349,0.000,336.975,15.349,0.000,324.562,0.000,94.997,0.000,1720.000,1720.000,-0.017,-0.017,0.060,0.060,1.145,1.145,45.000,37.786,19.100,11.886,0.000,0.000,0.000,43.203,150.000,24.069,3610.356,0.000,0.000,0.000,0.000,0.000,150.000,24.069,3610.356,1.000,250.000,185.000,160.931,0.000,0.000,4.905,0.000,0.000,0.000,15.000,150.000,25.999,3899.782,0.000,0.000,0.000,0.000,0.000,150.000,25.999,3899.782,1.000,250.000,185.000,159.001,0.000,0.000,4.905,0.000,0.000,0.000,15.000,15.500,1.930,29.907,1.145,0.114,0.040,0.074,48.500,1210.075,860.000,0.000,3599.136,1210.075,860.000,353.387,258.000,355.000,341.050,13.950,0.000,160000.000,-3.500,-3.680,2.500,921.939,-115.372,0.000,-286.438,308.800,-115.372,-286.438,0.000,0.013,0.013,0.000,-0.032,-0.080,0.086,27.559,0.000,373.672,373.672,0.165,94.880,-40.957,48.500,1210.075,-860.000,0.000,3911.767,1210.075,-860.000,352.175,258.000,355.000,339.838,15.162,0.000,160000.000,-3.500,-3.490,2.500,-916.339,-94.419,0.000,-322.069,335.624,-94.419,-322.069,0.000,0.015,0.015,0.000,-0.024,-0.082,0.086,29.768,0.000,406.130,406.130,0.165,95.114,-33.519,1720.000,1720.000,-0.017,-0.017,0.060,0.060,1.145,1.145,55.000,36.930,19.100,1.030,0.000,0.000,0.000,0.000,50.000,69.542,3477.120,0.000,0.000,0.000,0.000,0.000,50.000,69.542,3477.120,1.000,250.000,185.000,115.458,0.000,0.000,4.905,0.000,0.000,0.000,15.000,50.000,71.951,3597.553,0.000,0.000,0.000,0.000,0.000,50.000,71.951,3597.553,1.000,250.000,185.000,113.049,0.000,0.000,4.905,0.000,0.000,0.000,15.000,15.500,2.409,37.334,1.145,0.114,0.022,0.092,52.000,-1284.925,860.000,0.000,3503.285,-1284.925,860.000,353.039,258.000,355.000,341.421,13.579,0.000,160000.000,-3.500,-3.859,2.500,3.364,791.651,775.350,254.563,300.576,791.651,254.563,0.000,0.012,0.012,0.000,0.226,0.073,0.237,79.626,-666.801,-386.218,-1053.019,-0.175,94.880,281.036,52.000,-1284.925,-860.000,0.000,3674.369,-1284.925,-860.000,352.376,258.000,355.000,340.758,14.242,0.000,160000.000,-3.500,-3.678,2.500,3.529,754.472,775.350,362.388,315.255,754.472,362.388,0.000,0.018,0.018,0.000,0.205,0.099,0.228,82.384,666.801,-405.079,261.721,-0.175,95.114,267.837,100.000,0.000,100.000,0.000,75.000,0.000,0.000,-7.438,13.199,0.200,1.000,0.000,43.203,94.997,303800.165,215352.530,25.000,17.838,2495.000,1260.000,51.500,345.000,48.500,52.000,45.000,55.000,55.000,55.000,2.100,1.300,1.300,1.450,75.000,0.047,0.000,19.100,-3.500,2.500,-0.017,0.060,1720.000,15.500,185.000,0.000,150.000,160000.000,0.047,0.000,19.100,-3.500,2.500,-0.017,0.060,1720.000,15.500,185.000,0.000,50.000,160000.000,90.000,0.800,1.300,2.000,
14.000,0.000,1.000,-1.070,-1.366,-0.272,-0.025,0.033,0.059,0.144,0.000,0.000,0.000,0.000,0.000,-11.839,2.967,64.772,-69.872,0.114,0.000,-1.224,-1.232,-1.245,2495.000,2495.000,2495.000,3182.854,3182.854,2997.445,2997.445,20.671,20.671,56.967,56.967,4.086,6.015,14.657,17.068,2495.000,2495.000,2495.000,-14.578,1.000,51.123,48.400,49.527,1.000,0.200,0.001,51.500,50.000,50.000,15044.286,0.337,1059.000,1260.000,7691.162,7353.124,0.009,0.021,-80.870,0.000,355.000,-80.870,0.000,352.398,0.000,0.000,327.408,-3.381,3.516,-13.471,-14.394,3217.197,3522.195,3095.059,3265.618,-0.105,0.100,-0.437,-0.443,100.105,99.900,100.437,100.443,802.551,0.000,0.000,0.000,0.000,0.000,0.000,0.000,0.000,3608.722,5129.997,5087.359,64.339,69.003,191.836,2321.831,3539.845,1286.891,1590.152,158.527,66.453,70.463,2684.545,-1342.272,-1342.272,1497.150,382.608,2.600,1.450,50.000,1.793,1.225,2.100,15.349,0.000,336.975,15.349,0.000,322.664,0.000,101.997,0.000,1720.000,1720.000,-0.017,-0.017,0.060,0.060,1.145,1.145,45.000,36.648,19.100,10.748,0.000,0.000,0.000,37.362,150.000,24.757,3713.596,0.000,0.000,0.000,0.000,0.000,150.000,24.757,3713.596,1.000,250.000,185.000,160.243,0.000,0.000,4.905,0.000,0.000,0.000,15.000,150.000,26.687,4003.008,0.000,0.000,0.000,0.000,0.000,150.000,26.687,4003.008,1.000,250.000,185.000,158.313,0.000,0.000,4.905,0.000,0.000,0.000,15.000,15.500,1.929,29.906,1.145,0.114,0.040,0.074,48.500,1210.075,860.000,0.000,3689.633,1210.075,860.000,353.036,258.000,355.000,340.699,14.301,0.000,160000.000,-3.500,-3.693,2.500,797.713,302.008,0.000,65.774,309.087,302.008,65.774,0.000,0.003,0.003,0.000,0.082,0.018,0.084,28.347,0.000,374.019,374.019,0.154,101.888,107.213,48.500,1210.075,-860.000,0.000,4001.529,1210.075,-860.000,351.827,258.000,355.000,339.490,15.510,0.000,160000.000,-3.500,-3.503,2.500,-792.020,318.844,0.000,103.479,335.216,318.844,103.479,0.000,0.004,0.004,0.000,0.080,0.026,0.084,30.556,0.000,405.636,405.636,0.154,102.107,113.190,1720.000,1720.000,-0.017,-0.017,0.060,0.060,1.145,1.145,55.000,34.205,19.100,-1.695,0.000,0.000,0.000,0.000,50.000,71.624,3581.213,0.000,0.000,0.000,0.000,0.000,50.000,71.624,3581.213,1.000,250.000,185.000,113.376,0.000,0.000,4.905,0.000,0.000,0.000,15.000,50.000,74.035,3701.763,0.000,0.000,0.000,0.000,0.000,50.000,74.035,3701.763,1.000,250.000,185.000,110.965,0.000,0.000,4.905,0.000,0.000,0.000,15.000,15.500,2.411,37.370,1.145,0.114,0.022,0.092,52.000,-1284.925,860.000,0.000,3591.744,-1284.925,860.000,352.697,258.000,355.000,341.079,13.921,0.000,160000.000,-3.500,-3.899,2.500,3.507,891.342,874.575,246.826,300.887,891.342,246.826,0.000,0.011,0.011,0.000,0.248,0.069,0.258,82.010,-752.135,-386.617,-1138.752,-0.163,101.888,316.427,52.000,-1284.925,-860.000,0.000,3761.379,-1284.925,-860.000,352.039,258.000,355.000,340.421,14.579,0.000,160000.000,-3.500,-3.718,2.500,3.673,852.595,874.575,370.471,315.098,852.595,370.471,0.000,0.017,0.017,0.000,0.227,0.098,0.247,84.770,752.135,-404.877,347.258,-0.163,102.107,302.671,100.000,0.000,100.000,0.000,75.000,0.000,0.000,-5.977,13.755,0.200,1.000,0.000,37.362,101.997,351993.799,300141.058,30.000,21.405,2495.000,1260.000,51.500,345.000,48.500,52.000,45.000,55.000,55.000,55.000,2.100,1.300,1.300,1.450,75.000,0.047,0.000,19.100,-3.500,2.500,-0.017,0.060,1720.000,15.500,185.000,0.000,150.000,160000.000,0.047,0.000,19.100,-3.500,2.500,-0.017,0.060,1720.000,15.500,185.000,0.000,50.000,160000.000,90.000,0.800,1.300,2.000,
14.000,0.000,1.000,-1.251,-1.551,-0.346,-0.027,0.035,0.085,0.177,0.000,0.000,0.000,0.000,0.000,-12.188,3.473,64.925,-71.910,0.114,0.000,-1.263,-1.272,-1.285,2495.000,2495.000,2495.000,3182.854,3182.854,2997.445,2997.445,20.671,20.671,56.967,56.967,4.823,6.752,16.897,19.311,2495.000,2495.000,2495.000,-14.947,1.000,51.112,48.447,49.536,1.000,0.200,0.001,51.500,50.000,50.000,15425.241,0.315,1059.000,1260.000,7884.210,7541.031,0.009,0.022,-80.870,0.000,355.000,-80.870,0.000,352.029,0.000,0.000,325.636,-3.032,3.094,-16.533,-19.194,3313.763,3618.740,3192.852,3363.585,-0.092,0.085,-0.521,-0.574,100.092,99.915,100.521,100.574,916.451,0.000,0.000,0.000,0.000,0.000,0.000,0.000,0.000,3608.722,5129.997,5087.359,64.339,69.003,191.836,2321.831,3539.845,1286.891,1590.152,158.527,66.453,70.463,3065.622,-1532.811,-1532.811,1709.674,433.435,2.600,1.450,50.000,1.793,1.225,2.100,15.349,0.000,336.975,15.349,0.000,320.626,0.000,108.996,0.000,1720.000,1720.000,-0.017,-0.017,0.060,0.060,1.145,1.145,45.000,35.430,19.100,9.530,0.000,0.000,0.000,32.672,150.000,25.494,3824.163,0.000,0.000,0.000,0.000,0.000,150.000,25.494,3824.163,1.000,250.000,185.000,159.506,0.000,0.000,4.905,0.000,0.000,0.000,15.000,150.000,27.424,4113.554,0.000,0.000,0.000,0.000,0.000,150.000,27.424,4113.554,1.000,250.000,185.000,157.576,0.000,0.000,4.905,0.000,0.000,0.000,15.000,15.500,1.929,29.904,1.145,0.114,0.040,0.074,48.500,1210.075,860.000,0.000,3786.554,1210.075,860.000,352.660,258.000,355.000,340.323,14.677,0.000,160000.000,-3.500,-3.708,2.500,697.988,-115.956,0.000,286.829,309.381,-115.956,286.829,0.000,0.011,0.011,0.000,-0.031,0.076,0.082,29.191,0.000,374.374,374.374,0.144,108.894,-41.164,48.500,1210.075,-860.000,0.000,4097.657,1210.075,-860.000,351.454,258.000,355.000,339.118,15.882,0.000,160000.000,-3.500,-3.518,2.500,-692.193,-156.183,0.000,296.138,334.799,-156.183,296.138,0.000,0.012,0.012,0.000,-0.038,0.072,0.082,31.400,0.000,405.132,405.132,0.144,109.099,-55.445,1720.000,1720.000,-0.017,-0.017,0.060,0.060,1.145,1.145,55.000,31.274,19.100,-4.626,0.000,0.000,0.000,0.000,50.000,73.864,3693.224,0.000,0.000,0.000,0.000,0.000,50.000,73.864,3693.224,1.000,250.000,185.000,111.136,0.000,0.000,4.905,0.000,0.000,0.000,15.000,50.000,76.278,3813.897,0.000,0.000,0.000,0.000,0.000,50.000,76.278,3813.897,1.000,250.000,185.000,108.722,0.000,0.000,4.905,0.000,0.000,0.000,15.000,15.500,2.413,37.409,1.145,0.114,0.022,0.092,52.000,-1284.925,860.000,0.000,3686.479,-1284.925,860.000,352.329,258.000,355.000,340.711,14.289,0.000,160000.000,-3.500,-3.943,2.500,3.661,998.067,980.837,237.963,301.204,998.067,237.963,0.000,0.010,0.010,0.000,0.271,0.065,0.278,84.575,-843.520,-387.025,-1230.544,-0.153,108.894,354.314,52.000,-1284.925,-860.000,0.000,3854.551,-1284.925,-860.000,351.678,258.000,355.000,340.060,14.940,0.000,160000.000,-3.500,-3.762,2.500,3.827,957.632,980.837,379.694,314.936,957.632,379.694,0.000,0.016,0.016,0.000,0.248,0.099,0.267,87.338,843.520,-404.670,438.850,-0.153,109.099,339.959,100.000,0.000,100.000,0.000,75.000,0.000,0.000,14.281,14.355,0.200,1.000,0.000,32.672,108.996,391465.065,396868.115,35.000,24.973,2495.000,1260.000,51.500,345.000,48.500,52.000,45.000,55.000,55.000,55.000,2.100,1.300,1.300,1.450,75.000,0.047,0.000,19.100,-3.500,2.500,-0.017,0.060,1720.000,15.500,185.000,0.000,150.000,160000.000,0.047,0.000,19.100,-3.500,2.500,-0.017,0.060,1720.000,15.500,185.000,0.000,50.000,160000.000,90.000,0.800,1.300,2.000,
14.000,0.000,1.000,-1.455,-1.743,-0.438,-0.029,0.038,0.118,0.217,0.000,0.000,0.000,0.000,0.000,-12.540,4.038,65.091,-74.090,0.114,0.000,-1.305,-1.314,-1.327,2495.000,2495.000,2495.000,3182.854,3182.854,2997.445,2997.445,20.671,20.671,56.967,56.967,5.609,7.538,19.299,21.715,2495.000,2495.000,2495.000,-15.341,1.000,51.101,48.495,49.546,1.000,0.200,0.001,51.500,50.000,50.000,15831.470,0.296,1059.000,1260.000,8090.073,7741.398,0.009,0.022,-80.870,0.000,355.000,-80.870,0.000,351.636,0.000,0.000,323.741,-2.659,2.644,-20.332,-24.858,3416.742,3721.690,3297.669,3468.587,-0.078,0.071,-0.620,-0.722,100.078,99.929,100.620,100.722,1037.903,0.000,0.000,0.000,0.000,0.000,0.000,0.000,0.000,3608.722,5129.997,5087.359,64.339,69.003,191.836,2321.831,3539.845,1286.891,1590.152,158.527,66.453,70.463,3471.981,-1735.991,-1735.991,1936.297,486.667,2.600,1.450,50.000,1.793,1.225,2.100,15.349,0.000,336.975,15.349,0.000,318.446,0.000,115.996,0.000,1720.000,1720.000,-0.017,-0.017,0.060,0.060,1.145,1.145,45.000,34.131,19.100,8.231,0.000,0.000,0.000,28.882,150.000,26.280,3942.070,0.000,0.000,0.000,0.000,0.000,150.000,26.280,3942.070,1.000,250.000,185.000,158.720,0.000,0.000,4.905,0.000,0.000,0.000,15.000,150.000,28.210,4231.434,0.000,0.000,0.000,0.000,0.000,150.000,28.210,4231.434,1.000,250.000,185.000,156.790,0.000,0.000,4.905,0.000,0.000,0.000,15.000,15.500,1.929,29.901,1.145,0.114,0.040,0.074,48.500,1210.075,860.000,0.000,3889.911,1210.075,860.000,352.259,258.000,355.000,339.923,15.077,0.000,160000.000,-3.500,-3.723,2.500,617.401,-302.222,0.000,-67.548,309.678,-302.222,-67.548,0.000,0.003,0.003,0.000,-0.078,-0.017,0.080,30.091,0.000,374.734,374.734,0.135,115.900,-107.289,48.500,1210.075,-860.000,0.000,4200.162,1210.075,-860.000,351.057,258.000,355.000,338.720,16.280,0.000,160000.000,-3.500,-3.533,2.500,-611.498,-317.094,0.000,-106.111,334.378,-317.094,-106.111,0.000,0.004,0.004,0.000,-0.075,-0.025,0.080,32.300,0.000,404.622,404.622,0.135,116.092,-112.569,1720.000,1720.000,-0.017,-0.017,0.060,0.060,1.145,1.145,55.000,28.135,19.100,-7.765,0.000,0.000,0.000,0.000,50.000,76.266,3813.280,0.000,0.000,0.000,0.000,0.000,50.000,76.266,3813.280,1.000,250.000,185.000,108.734,0.000,0.000,4.905,0.000,0.000,0.000,15.000,50.000,78.682,3934.083,0.000,0.000,0.000,0.000,0.000,50.000,78.682,3934.083,1.000,250.000,185.000,106.318,0.000,0.000,4.905,0.000,0.000,0.000,15.000,15.500,2.416,37.449,1.145,0.114,0.021,0.092,52.000,-1284.925,860.000,0.000,3787.502,-1284.925,860.000,351.938,258.000,355.000,340.320,14.680,0.000,160000.000,-3.500,-3.989,2.500,3.826,1111.829,1094.149,227.848,301.526,1111.829,227.848,0.000,0.009,0.009,0.000,0.294,0.060,0.300,87.324,-940.968,-387.438,-1328.406,-0.144,115.900,394.699,52.000,-1284.925,-860.000,0.000,3953.895,-1284.925,-860.000,351.293,258.000,355.000,339.675,15.325,0.000,160000.000,-3.500,-3.809,2.500,3.992,1069.582,1094.149,390.176,314.772,1069.582,390.176,0.000,0.016,0.016,0.000,0.271,0.099,0.288,90.091,940.968,-404.459,536.509,-0.144,116.092,379.702,100.000,0.000,100.000,0.000,75.000,0.000,0.000,5.280,14.998,0.200,1.000,0.000,28.882,115.996,420805.881,504346.978,40.000,28.540,2495.000,1260.000,51.500,345.000,48.500,52.000,45.000,55.000,55.000,55.000,2.100,1.300,1.300,1.450,75.000,0.047,0.000,19.100,-3.500,2.500,-0.017,0.060,1720.000,15.500,185.000,0.000,150.000,160000.000,0.047,0.000,19.100,-3.500,2.500,-0.017,0.060,1720.000,15.500,185.000,0.000,50.000,160000.000,90.000,0.800,1.300,2.000,
14.000,0.000,1.000,-1.682,-1.940,-0.551,-0.032,0.040,0.159,0.265,0.000,0.000,0.000,0.000,0.000,-12.893,4.668,65.270,-76.413,0.114,0.000,-1.350,-1.360,-1.373,2495.000,2495.000,2495.000,3182.854,3182.854,2997.445,2997.445,20.671,20.671,56.967,56.967,6.444,8.373,21.863,24.282,2495.000,2495.000,2495.000,-15.759,1.000,51.090,48.543,49.555,1.000,0.200,0.001,51.500,50.000,50.000,16262.974,0.280,1059.000,1260.000,8308.752,7954.223,0.009,0.022,-80.870,0.000,355.000,-80.870,0.000,351.218,0.000,0.000,321.721,-2.261,2.168,-24.976,-31.493,3526.134,3831.045,3409.618,3580.731,-0.064,0.057,-0.738,-0.887,100.064,99.943,100.738,100.887,1166.906,0.000,0.000,0.000,0.000,0.000,0.000,0.000,0.000,3608.722,5129.997,5087.359,64.339,69.003,191.836,2321.831,3539.845,1286.891,1590.152,158.527,66.453,70.463,3903.624,-1951.812,-1951.812,2177.021,542.113,2.600,1.450,50.000,1.793,1.225,2.100,15.349,0.000,336.975,15.349,0.000,316.123,0.000,122.995,0.000,1720.000,1720.000,-0.017,-0.017,0.060,0.060,1.145,1.145,45.000,32.752,19.100,6.852,0.000,0.000,0.000,25.632,150.000,27.115,4067.320,0.000,0.000,0.000,0.000,0.000,150.000,27.115,4067.320,1.000,250.000,185.000,157.885,0.000,0.000,4.905,0.000,0.000,0.000,15.000,150.000,29.044,4356.649,0.000,0.000,0.000,0.000,0.000,150.000,29.044,4356.649,1.000,250.000,185.000,155.956,0.000,0.000,4.905,0.000,0.000,0.000,15.000,15.500,1.929,29.897,1.145,0.114,0.040,0.074,48.500,1210.075,860.000,0.000,3999.706,1210.075,860.000,351.834,258.000,355.000,339.497,15.503,0.000,160000.000,-3.500,-3.739,2.500,548.304,-44.770,0.000,-306.729,309.979,-44.770,-306.729,0.000,0.011,0.011,0.000,-0.011,-0.077,0.078,31.047,0.000,375.098,375.098,0.128,122.904,-15.893,48.500,1210.075,-860.000,0.000,4309.046,1210.075,-860.000,350.635,258.000,355.000,338.298,16.702,0.000,160000.000,-3.500,-3.549,2.500,-542.286,-13.322,0.000,-333.687,333.953,-13.322,-333.687,0.000,0.012,0.012,0.000,-0.003,-0.077,0.078,33.256,0.000,404.108,404.108,0.128,123.086,-4.729,1720.000,1720.000,-0.017,-0.017,0.060,0.060,1.145,1.145,55.000,24.785,19.100,-11.115,0.000,0.000,0.000,0.000,50.000,78.830,3941.504,0.000,0.000,0.000,0.000,0.000,50.000,78.830,3941.504,1.000,250.000,185.000,106.170,0.000,0.000,4.905,0.000,0.000,0.000,15.000,50.000,81.249,4062.446,0.000,0.000,0.000,0.000,0.000,50.000,81.249,4062.446,1.000,250.000,185.000,103.751,0.000,0.000,4.905,0.000,0.000,0.000,15.000,15.500,2.419,37.492,1.145,0.114,0.021,0.092,52.000,-1284.925,860.000,0.000,3894.813,-1284.925,860.000,351.522,258.000,355.000,339.904,15.096,0.000,160000.000,-3.500,-4.039,2.500,4.002,1232.615,1214.510,216.351,301.850,1232.615,216.351,0.000,0.008,0.008,0.000,0.316,0.056,0.321,90.260,-1044.479,-387.854,-1432.333,-0.135,122.904,437.578,52.000,-1284.925,-860.000,0.000,4059.410,-1284.925,-860.000,350.884,258.000,355.000,339.266,15.734,0.000,160000.000,-3.500,-3.859,2.500,4.168,1188.431,1214.510,402.049,314.606,1188.431,402.049,0.000,0.015,0.015,0.000,0.293,0.099,0.309,93.030,1044.479,-404.245,640.234,-0.135,123.086,421.893,100.000,0.000,100.000,0.000,75.000,0.000,0.000,-11.164,15.685,0.200,1.000,0.000,25.632,122.995,438842.021,621316.943,45.000,32.108,2495.000,1260.000,51.500,345.000,48.500,52.000,45.000,55.000,55.000,55.000,2.100,1.300,1.300,1.450,75.000,0.047,0.000,19.100,-3.500,2.500,-0.017,0.060,1720.000,15.500,185.000,0.000,150.000,160000.000,0.047,0.000,19.100,-3.500,2.500,-0.017,0.060,1720.000,15.500,185.000,0.000,50.000,160000.000,90.000,0.800,1.300,2.000,
14.000,0.000,1.000,-1.936,-2.142,-0.688,-0.034,0.042,0.210,0.322,0.000,0.000,0.000,0.000,0.000,-13.246,5.373,65.464,-78.881,0.113,0.000,-1.399,-1.408,-1.421,2495.000,2495.000,2495.000,3182.854,3182.854,2997.445,2997.445,20.671,20.671,56.967,56.967,7.328,9.257,24.594,27.015,2495.000,2495.000,2495.000,-16.201,1.000,51.079,48.591,49.564,1.000,0.200,0.001,51.500,50.000,50.000,16719.753,0.264,1059.000,1260.000,8540.249,8179.504,0.010,0.023,-80.870,0.000,355.000,-80.870,0.000,350.776,0.000,0.000,319.576,-1.838,1.665,-30.580,-39.218,3641.939,3946.805,3528.814,3700.133,-0.050,0.042,-0.874,-1.071,100.050,99.958,100.874,101.071,1303.459,0.000,0.000,0.000,0.000,0.000,0.000,0.000,0.000,3608.722,5129.997,5087.359,64.339,69.003,191.836,2321.831,3539.845,1286.891,1590.152,158.527,66.453,70.463,4360.548,-2180.274,-2180.274,2431.844,599.566,2.600,1.450,50.000,1.793,1.225,2.100,15.349,0.000,336.975,15.349,0.000,313.655,0.000,129.994,0.000,1720.000,1720.000,-0.017,-0.017,0.060,0.060,1.145,1.145,45.000,31.291,19.100,5.391,0.000,0.000,0.000,22.902,150.000,27.999,4199.913,0.000,0.000,0.000,0.000,0.000,150.000,27.999,4199.913,1.000,250.000,185.000,157.001,0.000,0.000,4.905,0.000,0.000,0.000,15.000,150.000,29.928,4489.199,0.000,0.000,0.000,0.000,0.000,150.000,29.928,4489.199,1.000,250.000,185.000,155.072,0.000,0.000,4.905,0.000,0.000,0.000,15.000,15.500,1.929,29.893,1.145,0.113,0.040,0.074,48.500,1210.075,860.000,0.000,4115.940,1210.075,860.000,351.383,258.000,355.000,339.047,15.953,0.000,160000.000,-3.500,-3.756,2.500,490.286,236.689,0.000,-200.630,310.281,236.689,-200.630,0.000,0.007,0.007,0.000,0.058,-0.049,0.075,32.059,0.000,375.463,375.463,0.121,129.908,84.025,48.500,1210.075,-860.000,0.000,4424.309,1210.075,-860.000,350.188,258.000,355.000,337.852,17.148,0.000,160000.000,-3.500,-3.567,2.500,-484.147,276.027,0.000,-187.215,333.527,276.027,-187.215,0.000,0.006,0.006,0.000,0.062,-0.042,0.075,34.268,0.000,403.593,403.593,0.121,130.080,97.990,1720.000,1720.000,-0.017,-0.017,0.060,0.060,1.145,1.145,55.000,21.220,19.100,-14.680,0.000,0.000,0.000,0.000,50.000,81.561,4078.029,0.000,0.000,0.000,0.000,0.000,50.000,81.561,4078.029,1.000,250.000,185.000,103.439,0.000,0.000,4.905,0.000,0.000,0.000,15.000,50.000,83.982,4199.116,0.000,0.000,0.000,0.000,0.000,50.000,83.982,4199.116,1.000,250.000,185.000,101.018,0.000,0.000,4.905,0.000,0.000,0.000,15.000,15.500,2.422,37.537,1.145,0.113,0.021,0.092,52.000,-1284.925,860.000,0.000,4008.411,-1284.925,860.000,351.082,258.000,355.000,339.464,15.536,0.000,160000.000,-3.500,-4.092,2.500,4.190,1360.412,1341.922,203.331,302.175,1360.412,203.331,0.000,0.007,0.007,0.000,0.339,0.051,0.343,93.387,-1154.053,-388.272,-1542.325,-0.128,129.908,482.946,52.000,-1284.925,-860.000,0.000,4171.093,-1284.925,-860.000,350.451,258.000,355.000,338.833,16.167,0.000,160000.000,-3.500,-3.912,2.500,4.356,1314.164,1341.922,415.452,314.438,1314.164,415.452,0.000,0.015,0.015,0.000,0.315,0.100,0.330,96.160,1154.053,-404.030,750.023,-0.128,130.080,466.528,100.000,0.000,100.000,0.000,75.000,0.000,0.000,-13.965,16.418,0.200,1.000,0.000,22.902,129.994,444611.034,746476.373,50.000,35.675,2495.000,1260.000,51.500,345.000,48.500,52.000,45.000,55.000,55.000,55.000,2.100,1.300,1.300,1.450,75.000,0.047,0.000,19.100,-3.500,2.500,-0.017,0.060,1720.000,15.500,185.000,0.000,150.000,160000.000,0.047,0.000,19.100,-3.500,2.500,-0.017,0.060,1720.000,15.500,185.000,0.000,50.000,160000.000,90.000,0.800,1.300,2.000,
14.000,0.000,1.000,-2.220,-2.348,-0.853,-0.036,0.043,0.273,0.390,0.000,0.000,0.000,0.000,0.000,-13.595,6.162,65.673,-81.496,0.113,0.000,-1.450,-1.460,-1.473,2495.000,2495.000,2495.000,3182.854,3182.854,2997.445,2997.445,20.671,20.671,56.967,56.967,8.261,10.189,27.493,29.918,2495.000,2495.000,2495.000,-16.668,1.000,51.068,48.640,49.574,1.000,0.200,0.001,51.500,50.000,50.000,17201.806,0.251,1059.000,1260.000,8784.565,8417.241,0.010,0.023,-80.870,0.000,355.000,-80.870,0.000,350.309,0.000,0.000,317.304,-1.390,1.135,-37.267,-48.157,3764.160,4068.971,3655.381,3826.916,-0.037,0.028,-1.030,-1.274,100.037,99.972,101.030,101.274,1447.562,0.000,0.000,0.000,0.000,0.000,0.000,0.000,0.000,3608.722,5129.997,5087.359,64.339,69.003,191.836,2321.831,3539.845,1286.891,1590.152,158.527,66.453,70.463,4842.756,-2421.378,-2421.378,2700.768,658.807,2.600,1.450,50.000,1.793,1.225,2.100,15.349,0.000,336.975,15.349,0.000,311.040,0.000,136.993,0.000,1720.000,1720.000,-0.017,-0.017,0.060,0.060,1.145,1.145,45.000,29.749,19.100,3.849,0.000,0.000,0.000,20.662,150.000,28.932,4339.851,0.000,0.000,0.000,0.000,0.000,150.000,28.932,4339.851,1.000,250.000,185.000,156.068,0.000,0.000,4.905,0.000,0.000,0.000,15.000,150.000,30.861,4629.084,0.000,0.000,0.000,0.000,0.000,150.000,30.861,4629.084,1.000,250.000,185.000,154.139,0.000,0.000,4.905,0.000,0.000,0.000,15.000,15.500,1.928,29.887,1.145,0.113,0.040,0.074,48.500,1210.075,860.000,0.000,4238.615,1210.075,860.000,350.908,258.000,355.000,338.571,16.429,0.000,160000.000,-3.500,-3.774,2.500,442.687,308.056,0.000,39.532,310.582,308.056,39.532,0.000,0.001,0.001,0.000,0.073,0.009,0.073,33.128,0.000,375.828,375.828,0.114,136.912,109.360,48.500,1210.075,-860.000,0.000,4545.951,1210.075,-860.000,349.717,258.000,355.000,337.380,17.620,0.000,160000.000,-3.500,-3.585,2.500,-436.420,323.790,0.000,78.214,333.102,323.790,78.214,0.000,0.002,0.002,0.000,0.071,0.017,0.073,35.335,0.000,403.079,403.079,0.114,137.075,114.945,1720.000,1720.000,-0.017,-0.017,0.060,0.060,1.145,1.145,55.000,17.438,19.100,-18.462,0.000,0.000,0.000,0.000,50.000,84.460,4222.995,0.000,0.000,0.000,0.000,0.000,50.000,84.460,4222.995,1.000,250.000,185.000,100.540,0.000,0.000,4.905,0.000,0.000,0.000,15.000,50.000,86.885,4344.234,0.000,0.000,0.000,0.000,0.000,50.000,86.885,4344.234,1.000,250.000,185.000,98.115,0.000,0.000,4.905,0.000,0.000,0.000,15.000,15.500,2.425,37.584,1.145,0.113,0.021,0.092,52.000,-1284.925,860.000,0.000,4128.298,-1284.925,860.000,350.617,258.000,355.000,338.999,16.001,0.000,160000.000,-3.500,-4.148,2.500,4.389,1495.203,1476.384,188.634,302.499,1495.203,188.634,0.000,0.006,0.006,0.000,0.362,0.046,0.365,96.707,-1269.690,-388.689,-1658.379,-0.122,136.912,530.797,52.000,-1284.925,-860.000,0.000,4288.943,-1284.925,-860.000,349.994,258.000,355.000,338.376,16.624,0.000,160000.000,-3.500,-3.969,2.500,4.555,1446.760,1476.384,430.535,314.270,1446.760,430.535,0.000,0.015,0.015,0.000,0.337,0.100,0.352,99.483,1269.690,-403.814,865.876,-0.122,137.075,513.600,100.000,0.000,100.000,0.000,75.000,0.000,0.000,-5.585,17.197,0.200,1.000,0.000,20.662,136.993,437341.056,878508.214,55.000,39.243,2495.000,1260.000,51.500,345.000,48.500,52.000,45.000,55.000,55.000,55.000,2.100,1.300,1.300,1.450,75.000,0.047,0.000,19.100,-3.500,2.500,-0.017,0.060,1720.000,15.500,185.000,0.000,150.000,160000.000,0.047,0.000,19.100,-3.500,2.500,-0.017,0.060,1720.000,15.500,185.000,0.000,50.000,160000.000,90.000,0.800,1.300,2.000,
14.000,0.000,1.000,-2.537,-2.558,-1.051,-0.037,0.043,0.349,0.470,0.000,0.000,0.000,0.000,0.000,-13.941,7.047,65.897,-84.258,0.113,0.000,-1.505,-1.515,-1.528,2495.000,2495.000,2495.000,3182.854,3182.854,2997.445,2997.445,20.671,20.671,56.967,56.967,9.243,11.171,30.564,32.992,2495.000,2495.000,2495.000,-17.160,1.000,51.057,48.688,49.583,1.000,0.200,0.001,51.500,50.000,50.000,17709.134,0.239,1059.000,1260.000,9041.703,8667.431,0.010,0.023,-80.870,0.000,355.000,-80.870,0.000,349.817,0.000,0.000,314.904,-0.917,0.578,-45.168,-58.445,3892.797,4197.543,3789.450,3961.212,-0.024,0.014,-1.206,-1.498,100.024,99.986,101.206,101.498,1599.216,0.000,0.000,0.000,0.000,0.000,0.000,0.000,0.000,3608.722,5129.997,5087.359,64.339,69.003,191.836,2321.831,3539.845,1286.891,1590.152,158.527,66.453,70.463,5350.246,-2675.123,-2675.123,2983.791,719.603,2.600,1.450,50.000,1.793,1.225,2.100,15.349,0.000,336.975,15.349,0.000,308.278,0.000,143.993,0.000,1720.000,1720.000,-0.017,-0.017,0.060,0.060,1.145,1.145,45.000,28.127,19.100,2.227,0.000,0.000,0.000,18.702,150.000,29.914,4487.134,0.000,0.000,0.000,0.000,0.000,150.000,29.914,4487.134,1.000,250.000,185.000,155.086,0.000,0.000,4.905,0.000,0.000,0.000,15.000,150.000,31.842,4776.305,0.000,0.000,0.000,0.000,0.000,150.000,31.842,4776.305,1.000,250.000,185.000,153.158,0.000,0.000,4.905,0.000,0.000,0.000,15.000,15.500,1.928,29.881,1.145,0.113,0.040,0.074,48.500,1210.075,860.000,0.000,4367.731,1210.075,860.000,350.407,258.000,355.000,338.071,16.929,0.000,160000.000,-3.500,-3.793,2.500,401.047,204.150,0.000,234.459,310.883,204.150,234.459,0.000,0.007,0.007,0.000,0.047,0.054,0.071,34.252,0.000,376.192,376.192,0.109,143.915,72.473,48.500,1210.075,-860.000,0.000,4673.972,1210.075,-860.000,349.220,258.000,355.000,336.884,18.116,0.000,160000.000,-3.500,-3.604,2.500,-394.645,189.123,0.000,273.694,332.680,189.123,273.694,0.000,0.008,0.008,0.000,0.040,0.059,0.071,36.459,0.000,402.568,402.568,0.109,144.070,67.139,1720.000,1720.000,-0.017,-0.017,0.060,0.060,1.145,1.145,55.000,13.435,19.100,-22.465,0.000,0.000,0.000,0.000,50.000,87.531,4376.554,0.000,0.000,0.000,0.000,0.000,50.000,87.531,4376.554,1.000,250.000,185.000,97.469,0.000,0.000,4.905,0.000,0.000,0.000,15.000,50.000,89.959,4497.954,0.000,0.000,0.000,0.000,0.000,50.000,89.959,4497.954,1.000,250.000,185.000,95.041,0.000,0.000,4.905,0.000,0.000,0.000,15.000,15.500,2.428,37.634,1.145,0.113,0.020,0.093,52.000,-1284.925,860.000,0.000,4254.473,-1284.925,860.000,350.128,258.000,355.000,338.510,16.490,0.000,160000.000,-3.500,-4.208,2.500,4.600,1636.969,1617.896,172.100,302.822,1636.969,172.100,0.000,0.006,0.006,0.000,0.385,0.040,0.387,100.223,-1391.390,-389.103,-1780.493,-0.116,143.915,581.124,52.000,-1284.925,-860.000,0.000,4412.958,-1284.925,-860.000,349.514,258.000,355.000,337.896,17.104,0.000,160000.000,-3.500,-4.029,2.500,4.767,1586.199,1617.896,447.457,314.102,1586.199,447.457,0.000,0.014,0.014,0.000,0.359,0.101,0.373,103.003,1391.390,-403.598,987.792,-0.116,144.070,563.101,100.000,0.000,100.000,0.000,75.000,0.000,0.000,5.334,18.023,0.200,1.000,0.000,18.702,143.993,416430.847,1016099.366,60.000,42.810,2495.000,1260.000,51.500,345.000,48.500,52.000,45.000,55.000,55.000,55.000,2.100,1.300,1.300,1.450,75.000,0.047,0.000,19.100,-3.500,2.500,-0.017,0.060,1720.000,15.500,185.000,0.000,150.000,160000.000,0.047,0.000,19.100,-3.500,2.500,-0.017,0.060,1720.000,15.500,185.000,0.000,50.000,160000.000,90.000,0.800,1.300,2.000,
15.000,0.000,1.000,-0.636,-0.689,-0.327,-0.009,0.010,0.113,0.145,0.000,0.000,0.000,0.000,0.000,-14.275,1.929,66.157,-87.183,0.112,0.000,-1.563,-1.574,-1.587,2495.000,2495.000,2495.000,3182.854,3182.854,2997.445,2997.445,20.671,20.671,56.967,56.967,10.282,12.199,33.834,36.253,2495.000,2495.000,2495.000,-17.678,1.000,51.046,48.743,49.594,1.000,0.200,0.000,51.500,50.000,50.000,18243.257,0.228,1059.000,1260.000,9312.447,8930.811,0.010,0.024,-80.870,0.000,355.000,-80.870,0.000,349.300,0.000,0.000,312.363,-0.331,0.019,-54.715,-70.614,4029.077,4332.083,3932.393,4103.475,-0.008,0.000,-1.411,-1.751,100.008,100.000,101.411,101.751,1759.004,0.000,0.000,0.000,0.000,0.000,0.000,0.000,0.000,3608.722,5129.997,5087.359,64.339,69.003,191.836,2321.831,3539.845,1286.891,1590.152,158.527,66.453,70.463,5883.034,-2941.517,-2941.517,3280.923,781.666,2.600,1.450,50.000,1.793,1.225,2.100,15.349,0.000,336.975,15.349,0.000,305.353,0.000,150.992,0.000,1720.000,1720.000,-0.017,-0.017,0.060,0.060,1.145,1.145,45.000,26.419,19.100,0.519,0.000,0.000,0.000,16.992,150.000,30.953,4643.003,0.000,0.000,0.000,0.000,0.000,150.000,30.953,4643.003,1.000,250.000,185.000,154.047,0.000,0.000,4.905,0.000,0.000,0.000,15.000,150.000,32.870,4930.525,0.000,0.000,0.000,0.000,0.000,150.000,32.870,4930.525,1.000,250.000,185.000,152.130,0.000,0.000,4.905,0.000,0.000,0.000,15.000,15.500,1.917,29.711,1.145,0.112,0.039,0.073,48.500,1210.075,860.000,0.000,4504.545,1210.075,860.000,349.877,258.000,355.000,337.541,17.459,0.000,160000.000,-3.500,-3.812,2.500,364.732,25.666,0.000,310.079,311.139,25.666,310.079,0.000,0.009,0.009,0.000,0.006,0.069,0.069,35.442,0.000,376.502,376.502,0.104,150.918,9.111,48.500,1210.075,-860.000,0.000,4807.901,1210.075,-860.000,348.701,258.000,355.000,336.365,18.635,0.000,160000.000,-3.500,-3.625,2.500,-358.187,-10.505,0.000,331.927,332.093,-10.505,331.927,0.000,0.010,0.010,0.000,-0.002,0.069,0.069,37.636,0.000,401.857,401.857,0.104,151.066,-3.729,1720.000,1720.000,-0.017,-0.017,0.060,0.060,1.145,1.145,55.000,9.185,19.100,-26.715,0.000,0.000,0.000,0.000,50.000,90.801,4540.075,0.000,0.000,0.000,0.000,0.000,50.000,90.801,4540.075,1.000,250.000,185.000,94.199,0.000,0.000,4.905,0.000,0.000,0.000,15.000,50.000,93.220,4660.994,0.000,0.000,0.000,0.000,0.000,50.000,93.220,4660.994,1.000,250.000,185.000,91.780,0.000,0.000,4.905,0.000,0.000,0.000,15.000,15.500,2.418,37.485,1.145,0.112,0.020,0.092,52.000,-1284.925,860.000,0.000,4387.813,-1284.925,860.000,349.611,258.000,355.000,337.993,17.007,0.000,160000.000,-3.500,-4.271,2.500,4.824,1785.693,1766.461,153.438,303.076,1785.693,153.438,0.000,0.005,0.005,0.000,0.407,0.035,0.408,103.968,-1519.157,-389.430,-1908.587,-0.110,150.918,633.921,52.000,-1284.925,-860.000,0.000,4542.997,-1284.925,-860.000,349.009,258.000,355.000,337.391,17.609,0.000,160000.000,-3.500,-4.093,2.500,4.991,1732.467,1766.461,466.273,313.795,1732.467,466.273,0.000,0.014,0.014,0.000,0.381,0.103,0.395,106.737,1519.157,-403.203,1115.953,-0.110,151.066,615.026,100.000,0.000,100.000,0.000,75.000,0.000,0.000,12.841,18.895,0.200,1.000,0.000,16.992,150.992,381431.269,1157955.389,65.000,46.378,2495.000,1260.000,51.500,345.000,48.500,52.000,45.000,55.000,55.000,55.000,2.100,1.300,1.300,1.450,75.000,0.047,0.000,19.100,-3.500,2.500,-0.017,0.060,1720.000,15.500,185.000,0.000,150.000,160000.000,0.047,0.000,19.100,-3.500,2.500,-0.017,0.060,1720.000,15.500,185.000,0.000,50.000,160000.000,90.000,0.800,1.300,2.000,
15.000,0.000,1.000,-0.730,-0.741,-0.401,-0.009,0.010,0.142,0.175,0.000,0.000,0.000,0.000,0.000,-14.607,2.208,66.419,-90.250,0.112,0.000,-1.625,-1.635,-1.649,2495.000,2495.000,2495.000,3182.854,3182.854,2997.445,2997.445,20.671,20.671,56.967,56.967,11.363,13.278,37.263,39.684,2495.000,2495.000,2495.000,-18.218,1.000,51.035,48.791,49.603,1.000,0.200,0.000,51.500,50.000,50.000,18801.390,0.218,1059.000,1260.000,9595.365,9206.024,0.011,0.024,-80.870,0.000,355.000,-80.870,0.000,348.760,0.000,0.000,309.700,0.199,-0.585,-65.560,-84.123,4170.680,4473.470,4082.088,4253.346,0.005,-0.013,-1.632,-2.018,99.995,100.013,101.632,102.018,1925.884,0.000,0.000,0.000,0.000,0.000,0.000,0.000,0.000,3608.722,5129.997,5087.359,64.339,69.003,191.836,2321.831,3539.845,1286.891,1590.152,158.527,66.453,70.463,6441.202,-3220.601,-3220.601,3592.209,844.814,2.600,1.450,50.000,1.793,1.225,2.100,15.349,0.000,336.975,15.349,0.000,302.286,0.000,157.993,0.000,1720.000,1720.000,-0.017,-0.017,0.060,0.060,1.145,1.145,45.000,24.634,19.100,-1.266,0.000,0.000,0.000,15.522,150.000,32.034,4805.118,0.000,0.000,0.000,0.000,0.000,150.000,32.034,4805.118,1.000,250.000,185.000,152.966,0.000,0.000,4.905,0.000,0.000,0.000,15.000,150.000,33.950,5092.434,0.000,0.000,0.000,0.000,0.000,150.000,33.950,5092.434,1.000,250.000,185.000,151.050,0.000,0.000,4.905,0.000,0.000,0.000,15.000,15.500,1.915,29.689,1.145,0.112,0.039,0.073,48.500,1210.075,860.000,0.000,4646.680,1210.075,860.000,349.326,258.000,355.000,336.990,18.010,0.000,160000.000,-3.500,-3.833,2.500,333.527,-138.830,0.000,278.775,311.431,-138.830,278.775,0.000,0.008,0.008,0.000,-0.030,0.060,0.067,36.679,0.000,376.855,376.855,0.099,157.922,-49.285,48.500,1210.075,-860.000,0.000,4948.685,1210.075,-860.000,348.156,258.000,355.000,335.819,19.181,0.000,160000.000,-3.500,-3.646,2.500,-326.834,-181.447,0.000,277.638,331.672,-181.447,277.638,0.000,0.008,0.008,0.000,-0.037,0.056,0.067,38.872,0.000,401.348,401.348,0.099,158.063,-64.414,1720.000,1720.000,-0.017,-0.017,0.060,0.060,1.145,1.145,55.000,4.724,19.100,-31.176,0.000,0.000,0.000,0.000,50.000,94.230,4711.514,0.000,0.000,0.000,0.000,0.000,50.000,94.230,4711.514,1.000,250.000,185.000,90.770,0.000,0.000,4.905,0.000,0.000,0.000,15.000,50.000,96.651,4832.557,0.000,0.000,0.000,0.000,0.000,50.000,96.651,4832.557,1.000,250.000,185.000,88.349,0.000,0.000,4.905,0.000,0.000,0.000,15.000,15.500,2.421,37.524,1.145,0.112,0.020,0.092,52.000,-1284.925,860.000,0.000,4526.665,-1284.925,860.000,349.073,258.000,355.000,337.455,17.545,0.000,160000.000,-3.500,-4.337,2.500,5.060,1941.372,1922.104,132.678,303.387,1941.372,132.678,0.000,0.004,0.004,0.000,0.429,0.029,0.430,107.894,-1653.010,-389.830,-2042.839,-0.105,157.922,689.187,52.000,-1284.925,-860.000,0.000,4679.360,-1284.925,-860.000,348.481,258.000,355.000,336.863,18.137,0.000,160000.000,-3.500,-4.160,2.500,5.226,1885.546,1922.104,487.401,313.621,1885.546,487.401,0.000,0.014,0.014,0.000,0.403,0.104,0.416,110.666,1653.010,-402.979,1250.030,-0.105,158.063,669.369,100.000,0.000,100.000,0.000,75.000,0.000,0.000,15.129,19.818,0.200,1.000,0.000,15.522,157.993,332028.155,1302811.852,70.000,49.945,2495.000,1260.000,51.500,345.000,48.500,52.000,45.000,55.000,55.000,55.000,2.100,1.300,1.300,1.450,75.000,0.047,0.000,19.100,-3.500,2.500,-0.017,0.060,1720.000,15.500,185.000,0.000,150.000,160000.000,0.047,0.000,19.100,-3.500,2.500,-0.017,0.060,1720.000,15.500,185.000,0.000,50.000,160000.000,90.000,0.800,1.300,2.000,
15.000,0.000,1.000,-0.837,-0.793,-0.491,-0.010,0.010,0.176,0.211,0.000,0.000,0.000,0.000,0.000,-14.931,2.527,66.699,-93.469,0.112,0.000,-1.690,-1.701,-1.714,2495.000,2495.000,2495.000,3182.854,3182.854,2997.445,2997.445,20.671,20.671,56.967,56.967,12.492,14.406,40.874,43.298,2495.000,2495.000,2495.000,-18.784,1.000,51.025,48.838,49.612,1.000,0.200,0.000,51.500,50.000,50.000,19384.730,0.208,1059.000,1260.000,9891.078,9493.652,0.011,0.024,-80.870,0.000,355.000,-80.870,0.000,348.195,0.000,0.000,306.904,0.754,-1.215,-78.084,-99.451,4318.687,4621.247,4239.733,4411.177,0.017,-0.026,-1.876,-2.307,99.983,100.026,101.876,102.307,2100.300,0.000,0.000,0.000,0.000,0.000,0.000,0.000,0.000,3608.722,5129.997,5087.359,64.339,69.003,191.836,2321.831,3539.845,1286.891,1590.152,158.527,66.453,70.463,7024.579,-3512.290,-3512.290,3917.554,908.715,2.600,1.450,50.000,1.793,1.225,2.100,15.349,0.000,336.975,15.349,0.000,299.067,0.000,164.992,0.000,1720.000,1720.000,-0.017,-0.017,0.060,0.060,1.145,1.145,45.000,22.768,19.100,-3.132,0.000,0.000,0.000,14.251,150.000,33.164,4974.564,0.000,0.000,0.000,0.000,0.000,150.000,33.164,4974.564,1.000,250.000,185.000,151.836,0.000,0.000,4.905,0.000,0.000,0.000,15.000,150.000,35.078,5261.661,0.000,0.000,0.000,0.000,0.000,150.000,35.078,5261.661,1.000,250.000,185.000,149.922,0.000,0.000,4.905,0.000,0.000,0.000,15.000,15.500,1.914,29.667,1.145,0.112,0.039,0.073,48.500,1210.075,860.000,0.000,4795.243,1210.075,860.000,348.750,258.000,355.000,336.414,18.586,0.000,160000.000,-3.500,-3.855,2.500,306.578,-250.324,0.000,185.758,311.718,-250.324,185.758,0.000,0.005,0.005,0.000,-0.052,0.039,0.065,37.973,0.000,377.202,377.202,0.095,164.925,-88.865,48.500,1210.075,-860.000,0.000,5095.834,1210.075,-860.000,347.585,258.000,355.000,335.249,19.751,0.000,160000.000,-3.500,-3.669,2.500,-299.730,-287.655,0.000,164.276,331.258,-287.655,164.276,0.000,0.004,0.004,0.000,-0.056,0.032,0.065,40.164,0.000,400.847,400.847,0.095,165.060,-102.117,1720.000,1720.000,-0.017,-0.017,0.060,0.060,1.145,1.145,55.000,0.031,19.100,-35.869,0.000,0.000,0.000,0.000,50.000,97.841,4892.059,0.000,0.000,0.000,0.000,0.000,50.000,97.841,4892.059,1.000,250.000,185.000,87.159,0.000,0.000,4.905,0.000,0.000,0.000,15.000,50.000,100.265,5013.233,0.000,0.000,0.000,0.000,0.000,50.000,100.265,5013.233,1.000,250.000,185.000,84.735,0.000,0.000,4.905,0.000,0.000,0.000,15.000,15.500,2.423,37.564,1.145,0.112,0.019,0.092,52.000,-1284.925,860.000,0.000,4671.788,-1284.925,860.000,348.510,258.000,355.000,336.892,18.108,0.000,160000.000,-3.500,-4.407,2.500,5.308,2103.932,2084.777,109.526,303.693,2103.932,109.526,0.000,0.003,0.003,0.000,0.450,0.023,0.451,112.028,-1792.908,-390.222,-2183.130,-0.101,164.925,746.896,52.000,-1284.925,-860.000,0.000,4821.864,-1284.925,-860.000,347.929,258.000,355.000,336.311,18.689,0.000,160000.000,-3.500,-4.231,2.500,5.475,2045.363,2084.777,510.914,313.448,2045.363,510.914,0.000,0.014,0.014,0.000,0.424,0.106,0.437,114.803,1792.908,-402.758,1390.150,-0.101,165.060,726.104,100.000,0.000,100.000,0.000,75.000,0.000,0.000,13.253,20.792,0.200,1.000,0.000,14.251,164.992,268027.429,1449441.300,75.000,53.513,2495.000,1260.000,51.500,345.000,48.500,52.000,45.000,55.000,55.000,55.000,2.100,1.300,1.300,1.450,75.000,0.047,0.000,19.100,-3.500,2.500,-0.017,0.060,1720.000,15.500,185.000,0.000,150.000,160000.000,0.047,0.000,19.100,-3.500,2.500,-0.017,0.060,1720.000,15.500,185.000,0.000,50.000,160000.000,90.000,0.800,1.300,2.000,
15.000,0.000,1.000,-0.959,-0.845,-0.597,-0.010,0.009,0.218,0.253,0.000,0.000,0.000,0.000,0.000,-15.246,2.890,67.000,-96.845,0.112,0.000,-1.758,-1.769,-1.783,2495.000,2495.000,2495.000,3182.854,3182.854,2997.445,2997.445,20.671,20.671,56.967,56.967,13.671,15.583,44.671,47.098,2495.000,2495.000,2495.000,-19.373,1.000,51.015,48.884,49.620,1.000,0.200,0.000,51.500,50.000,50.000,19993.318,0.200,1059.000,1260.000,10199.607,9793.712,0.011,0.025,-80.870,0.000,355.000,-80.870,0.000,347.605,0.000,0.000,303.973,1.334,-1.870,-92.459,-116.773,4473.110,4775.426,4405.512,4577.151,0.030,-0.039,-2.144,-2.618,99.970,100.039,102.144,102.618,2282.264,0.000,0.000,0.000,0.000,0.000,0.000,0.000,0.000,3608.722,5129.997,5087.359,64.339,69.003,191.836,2321.831,3539.845,1286.891,1590.152,158.527,66.453,70.463,7633.207,-3816.603,-3816.603,4256.981,973.078,2.600,1.450,50.000,1.793,1.225,2.100,15.349,0.000,336.975,15.349,0.000,295.691,0.000,171.991,0.000,1720.000,1720.000,-0.017,-0.017,0.060,0.060,1.145,1.145,45.000,20.822,19.100,-5.078,0.000,0.000,0.000,13.101,150.000,34.342,5151.354,0.000,0.000,0.000,0.000,0.000,150.000,34.342,5151.354,1.000,250.000,185.000,150.658,0.000,0.000,4.905,0.000,0.000,0.000,15.000,150.000,36.255,5438.220,0.000,0.000,0.000,0.000,0.000,150.000,36.255,5438.220,1.000,250.000,185.000,148.745,0.000,0.000,4.905,0.000,0.000,0.000,15.000,15.500,1.912,29.643,1.145,0.112,0.039,0.073,48.500,1210.075,860.000,0.000,4950.248,1210.075,860.000,348.150,258.000,355.000,335.813,19.187,0.000,160000.000,-3.500,-3.878,2.500,282.190,-304.965,0.000,65.881,312.000,-304.965,65.881,0.000,0.002,0.002,0.000,-0.062,0.013,0.063,39.322,0.000,377.544,377.544,0.091,171.927,-108.263,48.500,1210.075,-860.000,0.000,5249.359,1210.075,-860.000,346.990,258.000,355.000,334.654,20.346,0.000,160000.000,-3.500,-3.692,2.500,-275.180,-329.501,0.000,29.873,330.852,-329.501,29.873,0.000,0.001,0.001,0.000,-0.063,0.006,0.063,41.512,0.000,400.356,400.356,0.091,172.056,-116.973,1720.000,1720.000,-0.017,-0.017,0.060,0.060,1.145,1.145,55.000,-4.900,19.100,-40.800,0.000,0.000,0.000,0.000,50.000,101.638,5081.918,0.000,0.000,0.000,0.000,0.000,50.000,101.638,5081.918,1.000,250.000,185.000,83.362,0.000,0.000,4.905,0.000,0.000,0.000,15.000,50.000,104.065,5203.231,0.000,0.000,0.000,0.000,0.000,50.000,104.065,5203.231,1.000,250.000,185.000,80.935,0.000,0.000,4.905,0.000,0.000,0.000,15.000,15.500,2.426,37.607,1.145,0.112,0.019,0.093,52.000,-1284.925,860.000,0.000,4823.193,-1284.925,860.000,347.923,258.000,355.000,336.305,18.695,0.000,160000.000,-3.500,-4.481,2.500,5.569,2273.350,2254.490,83.775,303.992,2273.350,83.775,0.000,0.002,0.002,0.000,0.471,0.017,0.472,116.376,-1938.862,-390.607,-2329.469,-0.097,171.927,807.039,52.000,-1284.925,-860.000,0.000,4970.518,-1284.925,-860.000,347.352,258.000,355.000,335.734,19.266,0.000,160000.000,-3.500,-4.305,2.500,5.736,2211.895,2254.490,537.019,313.278,2211.895,537.019,0.000,0.014,0.014,0.000,0.445,0.108,0.458,119.154,1938.862,-402.539,1536.323,-0.097,172.056,785.223,100.000,0.000,100.000,0.000,75.000,0.000,0.000,8.710,21.816,0.200,1.000,0.000,13.101,171.991,201233.567,1602469.987,80.000,57.080,2495.000,1260.000,51.500,345.000,48.500,52.000,45.000,55.000,55.000,55.000,2.100,1.300,1.300,1.450,75.000,0.047,0.000,19.100,-3.500,2.500,-0.017,0.060,1720.000,15.500,185.000,0.000,150.000,160000.000,0.047,0.000,19.100,-3.500,2.500,-0.017,0.060,1720.000,15.500,185.000,0.000,50.000,160000.000,90.000,0.800,1.300,2.000,
15.000,0.000,1.000,-1.098,-0.898,-0.723,-0.010,0.008,0.267,0.303,0.000,0.000,0.000,0.000,0.000,-15.552,3.306,67.322,-100.379,0.111,0.000,-1.830,-1.842,-1.856,2495.000,2495.000,2495.000,3182.854,3182.854,2997.445,2997.445,20.671,20.671,56.967,56.967,14.899,16.809,48.659,51.088,2495.000,2495.000,2495.000,-19.988,1.000,51.005,48.929,49.629,1.000,0.200,0.000,51.500,50.000,50.000,20627.188,0.192,1059.000,1260.000,10520.972,10106.216,0.012,0.025,-80.870,0.000,355.000,-80.870,0.000,346.991,0.000,0.000,300.904,1.940,-2.552,-108.867,-136.275,4633.958,4936.015,4579.615,4751.460,0.042,-0.052,-2.435,-2.953,99.958,100.052,102.435,102.953,2471.786,0.000,0.000,0.000,0.000,0.000,0.000,0.000,0.000,3608.722,5129.997,5087.359,64.339,69.003,191.836,2321.831,3539.845,1286.891,1590.152,158.527,66.453,70.463,8267.117,-4133.559,-4133.559,4610.508,1037.596,2.600,1.450,50.000,1.793,1.225,2.100,15.349,0.000,336.975,15.349,0.000,292.157,0.000,178.991,0.000,1720.000,1720.000,-0.017,-0.017,0.060,0.060,1.145,1.145,45.000,18.794,19.100,-7.106,0.000,0.000,0.000,12.051,150.000,35.570,5335.499,0.000,0.000,0.000,0.000,0.000,150.000,35.570,5335.499,1.000,250.000,185.000,149.430,0.000,0.000,4.905,0.000,0.000,0.000,15.000,150.000,37.481,5622.120,0.000,0.000,0.000,0.000,0.000,150.000,37.481,5622.120,1.000,250.000,185.000,147.519,0.000,0.000,4.905,0.000,0.000,0.000,15.000,15.500,1.911,29.618,1.145,0.111,0.038,0.073,48.500,1210.075,860.000,0.000,5111.703,1210.075,860.000,347.524,258.000,355.000,335.187,19.813,0.000,160000.000,-3.500,-3.901,2.500,259.937,-307.473,0.000,-54.567,312.277,-307.473,-54.567,0.000,0.001,0.001,0.000,-0.060,-0.011,0.061,40.728,0.000,377.879,377.879,0.088,178.928,-109.153,48.500,1210.075,-860.000,0.000,5409.269,1210.075,-860.000,346.370,258.000,355.000,334.034,20.966,0.000,160000.000,-3.500,-3.716,2.500,-252.758,-315.606,0.000,-97.949,330.456,-315.606,-97.949,0.000,0.002,0.002,0.000,-0.058,-0.018,0.061,42.916,0.000,399.877,399.877,0.088,179.053,-112.040,1720.000,1720.000,-0.017,-0.017,0.060,0.060,1.145,1.145,55.000,-10.073,19.100,-45.973,0.000,0.000,0.000,0.000,50.000,105.626,5281.311,0.000,0.000,0.000,0.000,0.000,50.000,105.626,5281.311,1.000,250.000,185.000,79.374,0.000,0.000,4.905,0.000,0.000,0.000,15.000,50.000,108.055,5402.769,0.000,0.000,0.000,0.000,0.000,50.000,108.055,5402.769,1.000,250.000,185.000,76.945,0.000,0.000,4.905,0.000,0.000,0.000,15.000,15.500,2.429,37.652,1.145,0.111,0.019,0.093,52.000,-1284.925,860.000,0.000,4980.889,-1284.925,860.000,347.312,258.000,355.000,335.694,19.306,0.000,160000.000,-3.500,-4.558,2.500,5.843,2449.600,2431.254,55.201,304.286,2449.600,55.201,0.000,0.001,0.001,0.000,0.492,0.011,0.492,120.942,-2090.878,-390.985,-2481.863,-0.093,178.928,869.608,52.000,-1284.925,-860.000,0.000,5125.327,-1284.925,-860.000,346.752,258.000,355.000,335.134,19.866,0.000,160000.000,-3.500,-4.383,2.500,6.010,2385.110,2431.254,565.937,313.110,2385.110,565.937,0.000,0.015,0.015,0.000,0.465,0.110,0.478,123.723,2090.878,-402.323,1688.556,-0.093,179.053,846.714,100.000,0.000,100.000,0.000,75.000,0.000,0.000,2.887,22.894,0.200,1.000,0.000,12.051,178.991,131665.061,1761855.548,85.000,60.648,2495.000,1260.000,51.500,345.000,48.500,52.000,45.000,55.000,55.000,55.000,2.100,1.300,1.300,1.450,75.000,0.047,0.000,19.100,-3.500,2.500,-0.017,0.060,1720.000,15.500,185.000,0.000,150.000,160000.000,0.047,0.000,19.100,-3.500,2.500,-0.017,0.060,1720.000,15.500,185.000,0.000,50.000,160000.000,90.000,0.800,1.300,2.000,
15.000,0.000,1.000,-1.256,-0.951,-0.872,-0.010,0.007,0.325,0.363,0.000,0.000,0.000,0.000,0.000,-15.847,3.783,67.667,-104.073,0.111,0.000,-1.906,-1.918,-1.932,2495.000,2495.000,2495.000,3182.854,3182.854,2997.445,2997.445,20.671,20.671,56.967,56.967,16.175,18.084,52.842,55.274,2495.000,2495.000,2495.000,-20.626,1.000,50.996,48.973,49.637,1.000,0.200,0.000,51.500,50.000,50.000,21286.339,0.185,1059.000,1260.000,10855.175,10431.164,0.012,0.026,-80.870,0.000,355.000,-80.870,0.000,346.353,0.000,0.000,297.697,2.571,-3.258,-127.501,-158.151,4801.232,5103.017,4762.233,4934.295,0.054,-0.064,-2.751,-3.311,99.946,100.064,102.751,103.311,2668.865,0.000,0.000,0.000,0.000,0.000,0.000,0.000,0.000,3608.722,5129.997,5087.359,64.339,69.003,191.836,2321.831,3539.845,1286.891,1590.152,158.527,66.453,70.463,8926.310,-4463.155,-4463.155,4978.135,1101.938,2.600,1.450,50.000,1.793,1.225,2.100,15.349,0.000,336.975,15.349,0.000,288.462,0.000,185.990,0.000,1720.000,1720.000,-0.017,-0.017,0.060,0.060,1.145,1.145,45.000,16.686,19.100,-9.214,0.000,0.000,0.000,11.181,150.000,36.847,5527.001,0.000,0.000,0.000,0.000,0.000,150.000,36.847,5527.001,1.000,250.000,185.000,148.153,0.000,0.000,4.905,0.000,0.000,0.000,15.000,150.000,38.756,5813.363,0.000,0.000,0.000,0.000,0.000,150.000,38.756,5813.363,1.000,250.000,185.000,146.244,0.000,0.000,4.905,0.000,0.000,0.000,15.000,15.500,1.909,29.591,1.145,0.111,0.038,0.073,48.500,1210.075,860.000,0.000,5279.610,1210.075,860.000,346.873,258.000,355.000,334.536,20.464,0.000,160000.000,-3.500,-3.926,2.500,241.510,-274.698,0.000,-149.089,312.549,-274.698,-149.089,0.000,0.003,0.003,0.000,-0.052,-0.028,0.059,42.189,0.000,378.208,378.208,0.084,185.930,-97.518,48.500,1210.075,-860.000,0.000,5575.565,1210.075,-860.000,345.726,258.000,355.000,333.389,21.611,0.000,160000.000,-3.500,-3.741,2.500,-234.156,-267.559,0.000,-193.282,330.069,-267.559,-193.282,0.000,0.005,0.005,0.000,-0.048,-0.035,0.059,44.375,0.000,399.409,399.409,0.084,186.050,-94.983,1720.000,1720.000,-0.017,-0.017,0.060,0.060,1.145,1.145,55.000,-15.494,19.100,-51.394,0.000,0.000,0.000,0.000,50.000,109.809,5490.457,0.000,0.000,0.000,0.000,0.000,50.000,109.809,5490.457,1.000,250.000,185.000,75.191,0.000,0.000,4.905,0.000,0.000,0.000,15.000,50.000,112.241,5612.068,0.000,0.000,0.000,0.000,0.000,50.000,112.241,5612.068,1.000,250.000,185.000,72.759,0.000,0.000,4.905,0.000,0.000,0.000,15.000,15.500,2.432,37.700,1.145,0.111,0.018,0.093,52.000,-1284.925,860.000,0.000,5144.876,-1284.925,860.000,346.677,258.000,355.000,335.059,19.941,0.000,160000.000,-3.500,-4.640,2.500,6.130,2632.639,2615.067,23.570,304.573,2632.639,23.570,0.000,0.001,0.001,0.000,0.512,0.005,0.512,125.731,-2248.958,-391.353,-2640.311,-0.090,185.930,934.587,52.000,-1284.925,-860.000,0.000,5286.288,-1284.925,-860.000,346.129,258.000,355.000,334.511,20.489,0.000,160000.000,-3.500,-4.465,2.500,6.297,2564.962,2615.067,597.898,312.944,2564.962,597.898,0.000,0.015,0.015,0.000,0.485,0.113,0.498,128.516,2248.958,-402.110,1846.848,-0.090,186.050,910.561,100.000,0.000,100.000,0.000,75.000,0.000,0.000,-2.535,24.025,0.200,1.000,0.000,11.181,185.990,59321.911,1927597.981,90.000,64.215,2495.000,1260.000,51.500,345.000,48.500,52.000,45.000,55.000,55.000,55.000,2.100,1.300,1.300,1.450,75.000,0.047,0.000,19.100,-3.500,2.500,-0.017,0.060,1720.000,15.500,185.000,0.000,150.000,160000.000,0.047,0.000,19.100,-3.500,2.500,-0.017,0.060,1720.000,15.500,185.000,0.000,50.000,160000.000,90.000,0.800,1.300,2.000,
15.000,0.000,1.000,-1.438,-1.004,-1.048,-0.009,0.005,0.394,0.433,0.000,0.000,0.000,0.000,0.000,-16.132,4.330,68.038,-107.933,0.111,0.000,-1.987,-1.999,-2.013,2495.000,2495.000,2495.000,3182.854,3182.854,2997.445,2997.445,20.671,20.671,56.967,56.967,17.502,19.409,57.227,59.663,2495.000,2495.000,2495.000,-21.290,1.000,50.987,49.016,49.645,1.000,0.200,0.000,51.500,50.000,50.000,21971.122,0.178,1059.000,1260.000,11202.397,10768.724,0.012,0.026,-80.870,0.000,355.000,-80.870,0.000,345.690,0.000,0.000,294.347,3.228,-3.991,-148.576,-182.622,4975.023,5276.520,4953.671,5125.961,0.065,-0.076,-3.092,-3.694,99.935,100.076,103.092,103.694,2873.607,0.000,0.000,0.000,0.000,0.000,0.000,0.000,0.000,3608.722,5129.997,5087.359,64.339,69.003,191.836,2321.831,3539.845,1286.891,1590.152,158.527,66.453,70.463,9611.137,-4805.568,-4805.568,5360.057,1165.789,2.600,1.450,50.000,1.793,1.225,2.100,15.349,0.000,336.975,15.349,0.000,284.603,0.000,192.993,0.000,1720.000,1720.000,-0.017,-0.017,0.060,0.060,1.145,1.145,45.000,14.495,19.100,-11.405,0.000,0.000,0.000,10.401,150.000,38.173,5725.963,0.000,0.000,0.000,0.000,0.000,150.000,38.173,5725.963,1.000,250.000,185.000,146.827,0.000,0.000,4.905,0.000,0.000,0.000,15.000,150.000,40.080,6012.053,0.000,0.000,0.000,0.000,0.000,150.000,40.080,6012.053,1.000,250.000,185.000,144.920,0.000,0.000,4.905,0.000,0.000,0.000,15.000,15.500,1.907,29.563,1.145,0.111,0.038,0.073,48.500,1210.075,860.000,0.000,5454.060,1210.075,860.000,346.197,258.000,355.000,333.860,21.140,0.000,160000.000,-3.500,-3.951,2.500,224.995,-221.173,0.000,-221.213,312.814,-221.173,-221.213,0.000,0.005,0.005,0.000,-0.041,-0.041,0.057,43.708,0.000,378.529,378.529,0.081,192.935,-78.517,48.500,1210.075,-860.000,0.000,5748.338,1210.075,-860.000,345.056,258.000,355.000,332.720,22.280,0.000,160000.000,-3.500,-3.767,2.500,-217.459,-200.517,0.000,-261.706,329.693,-200.517,-261.706,0.000,0.006,0.006,0.000,-0.035,-0.046,0.057,45.892,0.000,398.953,398.953,0.081,193.050,-71.184,1720.000,1720.000,-0.017,-0.017,0.060,0.060,1.145,1.145,55.000,-21.171,19.100,-57.071,0.000,0.000,0.000,0.000,50.000,114.194,5709.703,0.000,0.000,0.000,0.000,0.000,50.000,114.194,5709.703,1.000,250.000,185.000,70.806,0.000,0.000,4.905,0.000,0.000,0.000,15.000,50.000,116.630,5831.475,0.000,0.000,0.000,0.000,0.000,50.000,116.630,5831.475,1.000,250.000,185.000,68.370,0.000,0.000,4.905,0.000,0.000,0.000,15.000,15.500,2.435,37.750,1.145,0.111,0.018,0.093,52.000,-1284.925,860.000,0.000,5315.240,-1284.925,860.000,346.016,258.000,355.000,334.398,20.602,0.000,160000.000,-3.500,-4.725,2.500,6.431,2822.517,2806.029,-11.384,304.853,2822.517,-11.384,0.000,0.000,0.000,0.000,0.531,-0.002,0.531,130.752,-2413.185,-391.713,-2804.897,-0.086,192.935,1001.993,52.000,-1284.925,-860.000,0.000,5453.484,-1284.925,-860.000,345.480,258.000,355.000,333.862,21.138,0.000,160000.000,-3.500,-4.551,2.500,6.599,2751.495,2806.029,633.169,312.781,2751.495,633.169,0.000,0.015,0.015,0.000,0.505,0.116,0.518,133.541,2413.185,-401.901,2011.284,-0.086,193.050,976.781,100.000,0.000,100.000,0.000,75.000,0.000,0.000,-7.333,25.213,0.200,1.000,0.000,10.401,192.993,-15796.580,2099698.888,95.000,67.783,2495.000,1260.000,51.500,345.000,48.500,52.000,45.000,55.000,55.000,55.000,2.100,1.300,1.300,1.450,75.000,0.047,0.000,19.100,-3.500,2.500,-0.017,0.060,1720.000,15.500,185.000,0.000,150.000,160000.000,0.047,0.000,19.100,-3.500,2.500,-0.017,0.060,1720.000,15.500,185.000,0.000,50.000,160000.000,90.000,0.800,1.300,2.000,
15.000,4.000,1.000,-1.645,-1.057,-1.255,-0.009,0.004,0.475,0.515,0.000,0.000,0.000,0.000,0.000,-16.405,4.960,68.435,-111.962,0.110,0.000,-2.071,-2.083,-2.098,2495.000,2495.000,2495.000,3182.854,3182.854,2997.445,2997.445,20.671,20.671,56.967,56.967,18.878,20.784,61.820,64.259,2495.000,2495.000,2495.000,-21.978,1.000,50.978,49.058,49.653,1.000,0.200,0.001,51.500,50.000,50.000,22681.699,0.172,1059.000,1260.000,11562.724,11118.975,0.013,0.027,-80.870,0.000,355.000,-80.870,0.000,345.001,0.000,0.000,290.851,3.912,-4.750,-172.316,-209.916,5155.373,5456.568,5154.191,5326.722,0.076,-0.087,-3.459,-4.102,99.924,100.087,103.459,104.102,3086.060,0.000,0.000,0.000,0.000,0.000,0.000,0.000,0.000,3608.722,5129.997,5087.359,64.339,69.003,191.836,2321.831,3539.845,1286.891,1590.152,158.527,66.453,70.463,10321.759,-5160.880,-5160.880,5756.366,1228.793,2.600,1.450,50.000,1.793,1.225,2.100,15.349,0.000,336.975,15.349,0.000,280.574,0.000,200.000,0.000,1720.000,1720.000,-0.017,-0.017,0.060,0.060,1.145,1.145,45.000,12.222,19.100,-13.678,0.000,0.000,0.000,9.700,150.000,39.550,5932.435,0.000,0.000,0.000,0.000,0.000,150.000,39.550,5932.435,1.000,250.000,185.000,145.450,0.000,0.000,4.905,0.000,0.000,0.000,15.000,150.000,41.455,6218.237,0.000,0.000,0.000,0.000,0.000,150.000,41.455,6218.237,1.000,250.000,185.000,143.545,0.000,0.000,4.905,0.000,0.000,0.000,15.000,15.500,1.905,29.533,1.145,0.110,0.038,0.073,48.500,1210.075,860.000,0.000,5635.095,1210.075,860.000,345.495,258.000,355.000,333.159,21.841,0.000,160000.000,-3.500,-3.978,2.500,210.180,-157.388,0.000,-270.637,313.074,-157.388,-270.637,0.000,0.006,0.006,0.000,-0.028,-0.048,0.056,45.284,0.000,378.843,378.843,0.078,199.944,-55.873,48.500,1210.075,-860.000,0.000,5927.628,1210.075,-860.000,344.361,258.000,355.000,332.025,22.975,0.000,160000.000,-3.500,-3.794,2.500,-202.455,-125.790,0.000,-304.356,329.326,-125.790,-304.356,0.000,0.007,0.007,0.000,-0.021,-0.051,0.056,47.466,0.000,398.510,398.510,0.078,200.056,-44.655,1720.000,1720.000,-0.017,-0.017,0.060,0.060,1.145,1.145,55.000,-27.111,19.100,-63.011,0.000,0.000,0.000,0.000,50.000,118.787,5939.351,0.000,0.000,0.000,0.000,0.000,50.000,118.787,5939.351,1.000,250.000,185.000,66.213,0.000,0.000,4.905,0.000,0.000,0.000,15.000,50.000,121.226,6061.294,0.000,0.000,0.000,0.000,0.000,50.000,121.226,6061.294,1.000,250.000,185.000,63.774,0.000,0.000,4.905,0.000,0.000,0.000,15.000,15.500,2.439,37.802,1.145,0.110,0.017,0.093,52.000,-1284.925,860.000,0.000,5492.023,-1284.925,860.000,345.331,258.000,355.000,333.713,21.287,0.000,160000.000,-3.500,-4.814,2.500,6.747,3019.225,3004.183,-49.938,305.125,3019.225,-49.938,0.000,0.001,0.001,0.000,0.550,-0.009,0.550,136.011,-2583.597,-392.063,-2975.660,-0.083,199.944,1071.825,52.000,-1284.925,-860.000,0.000,5626.952,-1284.925,-860.000,344.808,258.000,355.000,333.190,21.810,0.000,160000.000,-3.500,-4.640,2.500,6.915,2944.696,3004.183,672.020,312.621,2944.696,672.020,0.000,0.016,0.016,0.000,0.523,0.119,0.537,138.804,2583.597,-401.695,2181.902,-0.083,200.056,1045.367,100.000,0.000,100.000,0.000,75.000,0.000,0.000,-11.217,26.458,0.200,1.000,0.000,9.700,200.000,-93692.049,2278162.013,100.000,71.350,2495.000,1260.000,51.500,345.000,48.500,52.000,45.000,55.000,55.000,55.000,2.100,1.300,1.300,1.450,75.000,0.047,0.000,19.100,-3.500,2.500,-0.017,0.060,1720.000,15.500,185.000,0.000,150.000,160000.000,0.047,0.000,19.100,-3.500,2.500,-0.017,0.060,1720.000,15.500,185.000,0.000,50.000,160000.000,90.000,0.800,1.300,2.000,
